sku_id,sku_code,product_name,category,warehouse_id,warehouse_code,warehouse_name,city,supplier_id,supplier_code,supplier_name,net_demand,pack_size,min_order_qty,unit_price,currency,lead_time_days,order_quantity,total_cost,expected_delivery_date,order_id,order_date,status
37,PROD037,Industrial Belt Conveyor,Machinery,6,WH006,Tangier Free Zone,Tangier,19,SUP019,Oujda Industrial Park Co,79,1,1,750.0000,MAD,10,79.0,59250.0,2026-01-24,PO-20260114-00001,2026-01-14,PENDING
35,PROD035,Pump Centrifugal 1HP,Machinery,6,WH006,Tangier Free Zone,Tangier,16,SUP016,Agadir Maritime Suppliers,10,1,1,4500.0000,MAD,14,10.0,45000.0,2026-01-28,PO-20260114-00002,2026-01-14,PENDING
13,PROD013,Forklift Pallet Jack,Warehouse Equipment,10,WH010,El Jadida Storage Facility,El Jadida,5,SUP005,Tangier Port Logistics,8,1,1,5500.0000,MAD,10,8.0,44000.0,2026-01-24,PO-20260114-00003,2026-01-14,PENDING
20,PROD020,Refrigerator 500L,Kitchen Equipment,2,WH002,Rabat Distribution Center,Rabat,8,SUP008,Rabat Distribution Center,13,1,1,3200.0000,MAD,10,13.0,41600.0,2026-01-24,PO-20260114-00004,2026-01-14,PENDING
37,PROD037,Industrial Belt Conveyor,Machinery,3,WH003,Fès Logistics Hub,Fès,19,SUP019,Oujda Industrial Park Co,55,1,1,750.0000,MAD,10,55.0,41250.0,2026-01-24,PO-20260114-00005,2026-01-14,PENDING
37,PROD037,Industrial Belt Conveyor,Machinery,7,WH007,Meknes Distribution Point,Meknes,19,SUP019,Oujda Industrial Park Co,54,1,1,750.0000,MAD,10,54.0,40500.0,2026-01-24,PO-20260114-00006,2026-01-14,PENDING
35,PROD035,Pump Centrifugal 1HP,Machinery,3,WH003,Fès Logistics Hub,Fès,16,SUP016,Agadir Maritime Suppliers,9,1,1,4500.0000,MAD,14,9.0,40500.0,2026-01-28,PO-20260114-00007,2026-01-14,PENDING
37,PROD037,Industrial Belt Conveyor,Machinery,2,WH002,Rabat Distribution Center,Rabat,19,SUP019,Oujda Industrial Park Co,52,1,1,750.0000,MAD,10,52.0,39000.0,2026-01-24,PO-20260114-00008,2026-01-14,PENDING
37,PROD037,Industrial Belt Conveyor,Machinery,5,WH005,Agadir Port Terminal,Agadir,19,SUP019,Oujda Industrial Park Co,52,1,1,750.0000,MAD,10,52.0,39000.0,2026-01-24,PO-20260114-00009,2026-01-14,PENDING
37,PROD037,Industrial Belt Conveyor,Machinery,4,WH004,Marrakech Distribution,Marrakech,19,SUP019,Oujda Industrial Park Co,51,1,1,750.0000,MAD,10,51.0,38250.0,2026-01-24,PO-20260114-00010,2026-01-14,PENDING
37,PROD037,Industrial Belt Conveyor,Machinery,9,WH009,Safi Industrial Park,Safi,19,SUP019,Oujda Industrial Park Co,51,1,1,750.0000,MAD,10,51.0,38250.0,2026-01-24,PO-20260114-00011,2026-01-14,PENDING
37,PROD037,Industrial Belt Conveyor,Machinery,1,WH001,Casablanca Main Hub,Casablanca,19,SUP019,Oujda Industrial Park Co,51,1,1,750.0000,MAD,10,51.0,38250.0,2026-01-24,PO-20260114-00012,2026-01-14,PENDING
35,PROD035,Pump Centrifugal 1HP,Machinery,5,WH005,Agadir Port Terminal,Agadir,16,SUP016,Agadir Maritime Suppliers,8,1,1,4500.0000,MAD,14,8.0,36000.0,2026-01-28,PO-20260114-00013,2026-01-14,PENDING
35,PROD035,Pump Centrifugal 1HP,Machinery,10,WH010,El Jadida Storage Facility,El Jadida,16,SUP016,Agadir Maritime Suppliers,7,1,1,4500.0000,MAD,14,7.0,31500.0,2026-01-28,PO-20260114-00014,2026-01-14,PENDING
31,PROD031,Industrial Hydraulic Fluid,Maintenance,4,WH004,Marrakech Distribution,Marrakech,14,SUP014,Fès Commercial Hub,210,20,10,125.0000,MAD,4,220.0,27500.0,2026-01-18,PO-20260114-00015,2026-01-14,PENDING
35,PROD035,Pump Centrifugal 1HP,Machinery,8,WH008,Oujda Border Warehouse,Oujda,16,SUP016,Agadir Maritime Suppliers,6,1,1,4500.0000,MAD,14,6.0,27000.0,2026-01-28,PO-20260114-00016,2026-01-14,PENDING
35,PROD035,Pump Centrifugal 1HP,Machinery,7,WH007,Meknes Distribution Point,Meknes,16,SUP016,Agadir Maritime Suppliers,6,1,1,4500.0000,MAD,14,6.0,27000.0,2026-01-28,PO-20260114-00017,2026-01-14,PENDING
35,PROD035,Pump Centrifugal 1HP,Machinery,9,WH009,Safi Industrial Park,Safi,16,SUP016,Agadir Maritime Suppliers,6,1,1,4500.0000,MAD,14,6.0,27000.0,2026-01-28,PO-20260114-00018,2026-01-14,PENDING
36,PROD036,Electric Motor 3HP,Machinery,8,WH008,Oujda Border Warehouse,Oujda,16,SUP016,Agadir Maritime Suppliers,8,1,1,3200.0000,MAD,12,8.0,25600.0,2026-01-26,PO-20260114-00019,2026-01-14,PENDING
31,PROD031,Industrial Hydraulic Fluid,Maintenance,7,WH007,Meknes Distribution Point,Meknes,14,SUP014,Fès Commercial Hub,180,20,10,125.0000,MAD,4,180.0,22500.0,2026-01-18,PO-20260114-00020,2026-01-14,PENDING
31,PROD031,Industrial Hydraulic Fluid,Maintenance,9,WH009,Safi Industrial Park,Safi,14,SUP014,Fès Commercial Hub,170,20,10,125.0000,MAD,4,180.0,22500.0,2026-01-18,PO-20260114-00021,2026-01-14,PENDING
36,PROD036,Electric Motor 3HP,Machinery,4,WH004,Marrakech Distribution,Marrakech,16,SUP016,Agadir Maritime Suppliers,7,1,1,3200.0000,MAD,12,7.0,22400.0,2026-01-26,PO-20260114-00022,2026-01-14,PENDING
20,PROD020,Refrigerator 500L,Kitchen Equipment,1,WH001,Casablanca Main Hub,Casablanca,8,SUP008,Rabat Distribution Center,7,1,1,3200.0000,MAD,10,7.0,22400.0,2026-01-24,PO-20260114-00023,2026-01-14,PENDING
36,PROD036,Electric Motor 3HP,Machinery,9,WH009,Safi Industrial Park,Safi,16,SUP016,Agadir Maritime Suppliers,7,1,1,3200.0000,MAD,12,7.0,22400.0,2026-01-26,PO-20260114-00024,2026-01-14,PENDING
13,PROD013,Forklift Pallet Jack,Warehouse Equipment,4,WH004,Marrakech Distribution,Marrakech,5,SUP005,Tangier Port Logistics,4,1,1,5500.0000,MAD,10,4.0,22000.0,2026-01-24,PO-20260114-00025,2026-01-14,PENDING
13,PROD013,Forklift Pallet Jack,Warehouse Equipment,9,WH009,Safi Industrial Park,Safi,5,SUP005,Tangier Port Logistics,4,1,1,5500.0000,MAD,10,4.0,22000.0,2026-01-24,PO-20260114-00026,2026-01-14,PENDING
32,PROD032,Machine Oil ISO 46,Maintenance,7,WH007,Meknes Distribution Point,Meknes,14,SUP014,Fès Commercial Hub,220,20,10,98.5000,MAD,4,220.0,21670.0,2026-01-18,PO-20260114-00027,2026-01-14,PENDING
31,PROD031,Industrial Hydraulic Fluid,Maintenance,6,WH006,Tangier Free Zone,Tangier,14,SUP014,Fès Commercial Hub,160,20,10,125.0000,MAD,4,160.0,20000.0,2026-01-18,PO-20260114-00028,2026-01-14,PENDING
31,PROD031,Industrial Hydraulic Fluid,Maintenance,10,WH010,El Jadida Storage Facility,El Jadida,14,SUP014,Fès Commercial Hub,150,20,10,125.0000,MAD,4,160.0,20000.0,2026-01-18,PO-20260114-00029,2026-01-14,PENDING
15,PROD015,Safety Gloves (Nitrile),Safety Equipment,2,WH002,Rabat Distribution Center,Rabat,6,SUP006,Marrakech Wholesale Ltd,2150,100,50,8.7500,MAD,2,2200.0,19250.0,2026-01-16,PO-20260114-00030,2026-01-14,PENDING
15,PROD015,Safety Gloves (Nitrile),Safety Equipment,3,WH003,Fès Logistics Hub,Fès,6,SUP006,Marrakech Wholesale Ltd,2200,100,50,8.7500,MAD,2,2200.0,19250.0,2026-01-16,PO-20260114-00031,2026-01-14,PENDING
36,PROD036,Electric Motor 3HP,Machinery,5,WH005,Agadir Port Terminal,Agadir,16,SUP016,Agadir Maritime Suppliers,6,1,1,3200.0000,MAD,12,6.0,19200.0,2026-01-26,PO-20260114-00032,2026-01-14,PENDING
36,PROD036,Electric Motor 3HP,Machinery,6,WH006,Tangier Free Zone,Tangier,16,SUP016,Agadir Maritime Suppliers,6,1,1,3200.0000,MAD,12,6.0,19200.0,2026-01-26,PO-20260114-00033,2026-01-14,PENDING
36,PROD036,Electric Motor 3HP,Machinery,1,WH001,Casablanca Main Hub,Casablanca,16,SUP016,Agadir Maritime Suppliers,6,1,1,3200.0000,MAD,12,6.0,19200.0,2026-01-26,PO-20260114-00034,2026-01-14,PENDING
20,PROD020,Refrigerator 500L,Kitchen Equipment,7,WH007,Meknes Distribution Point,Meknes,8,SUP008,Rabat Distribution Center,6,1,1,3200.0000,MAD,10,6.0,19200.0,2026-01-24,PO-20260114-00035,2026-01-14,PENDING
36,PROD036,Electric Motor 3HP,Machinery,7,WH007,Meknes Distribution Point,Meknes,16,SUP016,Agadir Maritime Suppliers,6,1,1,3200.0000,MAD,12,6.0,19200.0,2026-01-26,PO-20260114-00036,2026-01-14,PENDING
32,PROD032,Machine Oil ISO 46,Maintenance,10,WH010,El Jadida Storage Facility,El Jadida,14,SUP014,Fès Commercial Hub,170,20,10,98.5000,MAD,4,180.0,17730.0,2026-01-18,PO-20260114-00037,2026-01-14,PENDING
32,PROD032,Machine Oil ISO 46,Maintenance,8,WH008,Oujda Border Warehouse,Oujda,14,SUP014,Fès Commercial Hub,180,20,10,98.5000,MAD,4,180.0,17730.0,2026-01-18,PO-20260114-00038,2026-01-14,PENDING
32,PROD032,Machine Oil ISO 46,Maintenance,4,WH004,Marrakech Distribution,Marrakech,14,SUP014,Fès Commercial Hub,180,20,10,98.5000,MAD,4,180.0,17730.0,2026-01-18,PO-20260114-00039,2026-01-14,PENDING
32,PROD032,Machine Oil ISO 46,Maintenance,3,WH003,Fès Logistics Hub,Fès,14,SUP014,Fès Commercial Hub,180,20,10,98.5000,MAD,4,180.0,17730.0,2026-01-18,PO-20260114-00040,2026-01-14,PENDING
31,PROD031,Industrial Hydraulic Fluid,Maintenance,1,WH001,Casablanca Main Hub,Casablanca,14,SUP014,Fès Commercial Hub,140,20,10,125.0000,MAD,4,140.0,17500.0,2026-01-18,PO-20260114-00041,2026-01-14,PENDING
19,PROD019,Coffee Machine 10-cup,Kitchen Equipment,2,WH002,Rabat Distribution Center,Rabat,8,SUP008,Rabat Distribution Center,14,1,1,1250.0000,MAD,7,14.0,17500.0,2026-01-21,PO-20260114-00042,2026-01-14,PENDING
31,PROD031,Industrial Hydraulic Fluid,Maintenance,8,WH008,Oujda Border Warehouse,Oujda,14,SUP014,Fès Commercial Hub,140,20,10,125.0000,MAD,4,140.0,17500.0,2026-01-18,PO-20260114-00043,2026-01-14,PENDING
31,PROD031,Industrial Hydraulic Fluid,Maintenance,5,WH005,Agadir Port Terminal,Agadir,14,SUP014,Fès Commercial Hub,140,20,10,125.0000,MAD,4,140.0,17500.0,2026-01-18,PO-20260114-00044,2026-01-14,PENDING
31,PROD031,Industrial Hydraulic Fluid,Maintenance,2,WH002,Rabat Distribution Center,Rabat,14,SUP014,Fès Commercial Hub,140,20,10,125.0000,MAD,4,140.0,17500.0,2026-01-18,PO-20260114-00045,2026-01-14,PENDING
13,PROD013,Forklift Pallet Jack,Warehouse Equipment,3,WH003,Fès Logistics Hub,Fès,5,SUP005,Tangier Port Logistics,3,1,1,5500.0000,MAD,10,3.0,16500.0,2026-01-24,PO-20260114-00046,2026-01-14,PENDING
20,PROD020,Refrigerator 500L,Kitchen Equipment,5,WH005,Agadir Port Terminal,Agadir,8,SUP008,Rabat Distribution Center,5,1,1,3200.0000,MAD,10,5.0,16000.0,2026-01-24,PO-20260114-00047,2026-01-14,PENDING
20,PROD020,Refrigerator 500L,Kitchen Equipment,6,WH006,Tangier Free Zone,Tangier,8,SUP008,Rabat Distribution Center,5,1,1,3200.0000,MAD,10,5.0,16000.0,2026-01-24,PO-20260114-00048,2026-01-14,PENDING
32,PROD032,Machine Oil ISO 46,Maintenance,6,WH006,Tangier Free Zone,Tangier,14,SUP014,Fès Commercial Hub,160,20,10,98.5000,MAD,4,160.0,15760.0,2026-01-18,PO-20260114-00049,2026-01-14,PENDING
14,PROD014,Safety Helmet Yellow,Safety Equipment,3,WH003,Fès Logistics Hub,Fès,5,SUP005,Tangier Port Logistics,690,50,20,22.5000,MAD,3,700.0,15750.0,2026-01-17,PO-20260114-00050,2026-01-14,PENDING
39,PROD039,PLC Control Module,IT Equipment,3,WH003,Fès Logistics Hub,Fès,17,SUP017,Rabat Tech Procurement,13,1,1,1200.0000,MAD,7,13.0,15600.0,2026-01-21,PO-20260114-00051,2026-01-14,PENDING
31,PROD031,Industrial Hydraulic Fluid,Maintenance,3,WH003,Fès Logistics Hub,Fès,14,SUP014,Fès Commercial Hub,120,20,10,125.0000,MAD,4,120.0,15000.0,2026-01-18,PO-20260114-00052,2026-01-14,PENDING
39,PROD039,PLC Control Module,IT Equipment,4,WH004,Marrakech Distribution,Marrakech,17,SUP017,Rabat Tech Procurement,12,1,1,1200.0000,MAD,7,12.0,14400.0,2026-01-21,PO-20260114-00053,2026-01-14,PENDING
1,PROD001,Office Paper A4 (500 sheets),Office Supplies,10,WH010,El Jadida Storage Facility,El Jadida,1,SUP001,Maroc Logistique SA,310,10,5,45.0000,MAD,2,310.0,13950.0,2026-01-16,PO-20260114-00054,2026-01-14,PENDING
32,PROD032,Machine Oil ISO 46,Maintenance,5,WH005,Agadir Port Terminal,Agadir,14,SUP014,Fès Commercial Hub,140,20,10,98.5000,MAD,4,140.0,13790.0,2026-01-18,PO-20260114-00055,2026-01-14,PENDING
32,PROD032,Machine Oil ISO 46,Maintenance,2,WH002,Rabat Distribution Center,Rabat,14,SUP014,Fès Commercial Hub,140,20,10,98.5000,MAD,4,140.0,13790.0,2026-01-18,PO-20260114-00056,2026-01-14,PENDING
32,PROD032,Machine Oil ISO 46,Maintenance,9,WH009,Safi Industrial Park,Safi,14,SUP014,Fès Commercial Hub,140,20,10,98.5000,MAD,4,140.0,13790.0,2026-01-18,PO-20260114-00057,2026-01-14,PENDING
14,PROD014,Safety Helmet Yellow,Safety Equipment,8,WH008,Oujda Border Warehouse,Oujda,5,SUP005,Tangier Port Logistics,600,50,20,22.5000,MAD,3,600.0,13500.0,2026-01-17,PO-20260114-00058,2026-01-14,PENDING
1,PROD001,Office Paper A4 (500 sheets),Office Supplies,5,WH005,Agadir Port Terminal,Agadir,1,SUP001,Maroc Logistique SA,300,10,5,45.0000,MAD,2,300.0,13500.0,2026-01-16,PO-20260114-00059,2026-01-14,PENDING
14,PROD014,Safety Helmet Yellow,Safety Equipment,4,WH004,Marrakech Distribution,Marrakech,5,SUP005,Tangier Port Logistics,590,50,20,22.5000,MAD,3,600.0,13500.0,2026-01-17,PO-20260114-00060,2026-01-14,PENDING
6,PROD006,LCD Monitor 24 inch,IT Equipment,3,WH003,Fès Logistics Hub,Fès,3,SUP003,Casablanca Supply Co,15,1,1,899.0000,MAD,5,15.0,13485.0,2026-01-19,PO-20260114-00061,2026-01-14,PENDING
6,PROD006,LCD Monitor 24 inch,IT Equipment,6,WH006,Tangier Free Zone,Tangier,3,SUP003,Casablanca Supply Co,15,1,1,899.0000,MAD,5,15.0,13485.0,2026-01-19,PO-20260114-00062,2026-01-14,PENDING
39,PROD039,PLC Control Module,IT Equipment,9,WH009,Safi Industrial Park,Safi,17,SUP017,Rabat Tech Procurement,11,1,1,1200.0000,MAD,7,11.0,13200.0,2026-01-21,PO-20260114-00063,2026-01-14,PENDING
15,PROD015,Safety Gloves (Nitrile),Safety Equipment,1,WH001,Casablanca Main Hub,Casablanca,6,SUP006,Marrakech Wholesale Ltd,1500,100,50,8.7500,MAD,2,1500.0,13125.0,2026-01-16,PO-20260114-00064,2026-01-14,PENDING
24,PROD024,Industrial Vacuum Cleaner,Cleaning Supplies,2,WH002,Rabat Distribution Center,Rabat,10,SUP010,Oujda Import Trading,6,1,1,2150.0000,MAD,5,6.0,12900.0,2026-01-19,PO-20260114-00065,2026-01-14,PENDING
20,PROD020,Refrigerator 500L,Kitchen Equipment,10,WH010,El Jadida Storage Facility,El Jadida,8,SUP008,Rabat Distribution Center,4,1,1,3200.0000,MAD,10,4.0,12800.0,2026-01-24,PO-20260114-00066,2026-01-14,PENDING
6,PROD006,LCD Monitor 24 inch,IT Equipment,9,WH009,Safi Industrial Park,Safi,3,SUP003,Casablanca Supply Co,14,1,1,899.0000,MAD,5,14.0,12586.0,2026-01-19,PO-20260114-00067,2026-01-14,PENDING
19,PROD019,Coffee Machine 10-cup,Kitchen Equipment,10,WH010,El Jadida Storage Facility,El Jadida,8,SUP008,Rabat Distribution Center,10,1,1,1250.0000,MAD,7,10.0,12500.0,2026-01-21,PO-20260114-00068,2026-01-14,PENDING
14,PROD014,Safety Helmet Yellow,Safety Equipment,9,WH009,Safi Industrial Park,Safi,5,SUP005,Tangier Port Logistics,530,50,20,22.5000,MAD,3,550.0,12375.0,2026-01-17,PO-20260114-00069,2026-01-14,PENDING
14,PROD014,Safety Helmet Yellow,Safety Equipment,5,WH005,Agadir Port Terminal,Agadir,5,SUP005,Tangier Port Logistics,520,50,20,22.5000,MAD,3,550.0,12375.0,2026-01-17,PO-20260114-00070,2026-01-14,PENDING
39,PROD039,PLC Control Module,IT Equipment,6,WH006,Tangier Free Zone,Tangier,17,SUP017,Rabat Tech Procurement,10,1,1,1200.0000,MAD,7,10.0,12000.0,2026-01-21,PO-20260114-00071,2026-01-14,PENDING
39,PROD039,PLC Control Module,IT Equipment,8,WH008,Oujda Border Warehouse,Oujda,17,SUP017,Rabat Tech Procurement,10,1,1,1200.0000,MAD,7,10.0,12000.0,2026-01-21,PO-20260114-00072,2026-01-14,PENDING
1,PROD001,Office Paper A4 (500 sheets),Office Supplies,6,WH006,Tangier Free Zone,Tangier,1,SUP001,Maroc Logistique SA,260,10,5,45.0000,MAD,2,260.0,11700.0,2026-01-16,PO-20260114-00073,2026-01-14,PENDING
6,PROD006,LCD Monitor 24 inch,IT Equipment,8,WH008,Oujda Border Warehouse,Oujda,3,SUP003,Casablanca Supply Co,13,1,1,899.0000,MAD,5,13.0,11687.0,2026-01-19,PO-20260114-00074,2026-01-14,PENDING
15,PROD015,Safety Gloves (Nitrile),Safety Equipment,5,WH005,Agadir Port Terminal,Agadir,6,SUP006,Marrakech Wholesale Ltd,1300,100,50,8.7500,MAD,2,1300.0,11375.0,2026-01-16,PO-20260114-00075,2026-01-14,PENDING
19,PROD019,Coffee Machine 10-cup,Kitchen Equipment,4,WH004,Marrakech Distribution,Marrakech,8,SUP008,Rabat Distribution Center,9,1,1,1250.0000,MAD,7,9.0,11250.0,2026-01-21,PO-20260114-00076,2026-01-14,PENDING
1,PROD001,Office Paper A4 (500 sheets),Office Supplies,1,WH001,Casablanca Main Hub,Casablanca,1,SUP001,Maroc Logistique SA,250,10,5,45.0000,MAD,2,250.0,11250.0,2026-01-16,PO-20260114-00077,2026-01-14,PENDING
21,PROD021,Stainless Steel Sink,Kitchen Equipment,6,WH006,Tangier Free Zone,Tangier,9,SUP009,Meknes Supply Partners,6,1,1,1850.0000,MAD,8,6.0,11100.0,2026-01-22,PO-20260114-00078,2026-01-14,PENDING
21,PROD021,Stainless Steel Sink,Kitchen Equipment,7,WH007,Meknes Distribution Point,Meknes,9,SUP009,Meknes Supply Partners,6,1,1,1850.0000,MAD,8,6.0,11100.0,2026-01-22,PO-20260114-00079,2026-01-14,PENDING
13,PROD013,Forklift Pallet Jack,Warehouse Equipment,5,WH005,Agadir Port Terminal,Agadir,5,SUP005,Tangier Port Logistics,2,1,1,5500.0000,MAD,10,2.0,11000.0,2026-01-24,PO-20260114-00080,2026-01-14,PENDING
13,PROD013,Forklift Pallet Jack,Warehouse Equipment,6,WH006,Tangier Free Zone,Tangier,5,SUP005,Tangier Port Logistics,2,1,1,5500.0000,MAD,10,2.0,11000.0,2026-01-24,PO-20260114-00081,2026-01-14,PENDING
6,PROD006,LCD Monitor 24 inch,IT Equipment,10,WH010,El Jadida Storage Facility,El Jadida,3,SUP003,Casablanca Supply Co,12,1,1,899.0000,MAD,5,12.0,10788.0,2026-01-19,PO-20260114-00082,2026-01-14,PENDING
6,PROD006,LCD Monitor 24 inch,IT Equipment,1,WH001,Casablanca Main Hub,Casablanca,3,SUP003,Casablanca Supply Co,12,1,1,899.0000,MAD,5,12.0,10788.0,2026-01-19,PO-20260114-00083,2026-01-14,PENDING
14,PROD014,Safety Helmet Yellow,Safety Equipment,10,WH010,El Jadida Storage Facility,El Jadida,5,SUP005,Tangier Port Logistics,420,50,20,22.5000,MAD,3,450.0,10125.0,2026-01-17,PO-20260114-00084,2026-01-14,PENDING
14,PROD014,Safety Helmet Yellow,Safety Equipment,6,WH006,Tangier Free Zone,Tangier,5,SUP005,Tangier Port Logistics,450,50,20,22.5000,MAD,3,450.0,10125.0,2026-01-17,PO-20260114-00085,2026-01-14,PENDING
19,PROD019,Coffee Machine 10-cup,Kitchen Equipment,5,WH005,Agadir Port Terminal,Agadir,8,SUP008,Rabat Distribution Center,8,1,1,1250.0000,MAD,7,8.0,10000.0,2026-01-21,PO-20260114-00086,2026-01-14,PENDING
19,PROD019,Coffee Machine 10-cup,Kitchen Equipment,9,WH009,Safi Industrial Park,Safi,8,SUP008,Rabat Distribution Center,8,1,1,1250.0000,MAD,7,8.0,10000.0,2026-01-21,PO-20260114-00087,2026-01-14,PENDING
6,PROD006,LCD Monitor 24 inch,IT Equipment,2,WH002,Rabat Distribution Center,Rabat,3,SUP003,Casablanca Supply Co,11,1,1,899.0000,MAD,5,11.0,9889.0,2026-01-19,PO-20260114-00088,2026-01-14,PENDING
20,PROD020,Refrigerator 500L,Kitchen Equipment,8,WH008,Oujda Border Warehouse,Oujda,8,SUP008,Rabat Distribution Center,3,1,1,3200.0000,MAD,10,3.0,9600.0,2026-01-24,PO-20260114-00089,2026-01-14,PENDING
36,PROD036,Electric Motor 3HP,Machinery,3,WH003,Fès Logistics Hub,Fès,16,SUP016,Agadir Maritime Suppliers,3,1,1,3200.0000,MAD,12,3.0,9600.0,2026-01-26,PO-20260114-00090,2026-01-14,PENDING
1,PROD001,Office Paper A4 (500 sheets),Office Supplies,2,WH002,Rabat Distribution Center,Rabat,1,SUP001,Maroc Logistique SA,210,10,5,45.0000,MAD,2,210.0,9450.0,2026-01-16,PO-20260114-00091,2026-01-14,PENDING
21,PROD021,Stainless Steel Sink,Kitchen Equipment,1,WH001,Casablanca Main Hub,Casablanca,9,SUP009,Meknes Supply Partners,5,1,1,1850.0000,MAD,8,5.0,9250.0,2026-01-22,PO-20260114-00092,2026-01-14,PENDING
21,PROD021,Stainless Steel Sink,Kitchen Equipment,9,WH009,Safi Industrial Park,Safi,9,SUP009,Meknes Supply Partners,5,1,1,1850.0000,MAD,8,5.0,9250.0,2026-01-22,PO-20260114-00093,2026-01-14,PENDING
35,PROD035,Pump Centrifugal 1HP,Machinery,1,WH001,Casablanca Main Hub,Casablanca,16,SUP016,Agadir Maritime Suppliers,2,1,1,4500.0000,MAD,14,2.0,9000.0,2026-01-28,PO-20260114-00094,2026-01-14,PENDING
35,PROD035,Pump Centrifugal 1HP,Machinery,2,WH002,Rabat Distribution Center,Rabat,16,SUP016,Agadir Maritime Suppliers,2,1,1,4500.0000,MAD,14,2.0,9000.0,2026-01-28,PO-20260114-00095,2026-01-14,PENDING
19,PROD019,Coffee Machine 10-cup,Kitchen Equipment,8,WH008,Oujda Border Warehouse,Oujda,8,SUP008,Rabat Distribution Center,7,1,1,1250.0000,MAD,7,7.0,8750.0,2026-01-21,PO-20260114-00096,2026-01-14,PENDING
19,PROD019,Coffee Machine 10-cup,Kitchen Equipment,1,WH001,Casablanca Main Hub,Casablanca,8,SUP008,Rabat Distribution Center,7,1,1,1250.0000,MAD,7,7.0,8750.0,2026-01-21,PO-20260114-00097,2026-01-14,PENDING
19,PROD019,Coffee Machine 10-cup,Kitchen Equipment,6,WH006,Tangier Free Zone,Tangier,8,SUP008,Rabat Distribution Center,7,1,1,1250.0000,MAD,7,7.0,8750.0,2026-01-21,PO-20260114-00098,2026-01-14,PENDING
19,PROD019,Coffee Machine 10-cup,Kitchen Equipment,7,WH007,Meknes Distribution Point,Meknes,8,SUP008,Rabat Distribution Center,7,1,1,1250.0000,MAD,7,7.0,8750.0,2026-01-21,PO-20260114-00099,2026-01-14,PENDING
39,PROD039,PLC Control Module,IT Equipment,10,WH010,El Jadida Storage Facility,El Jadida,17,SUP017,Rabat Tech Procurement,7,1,1,1200.0000,MAD,7,7.0,8400.0,2026-01-21,PO-20260114-00100,2026-01-14,PENDING
39,PROD039,PLC Control Module,IT Equipment,7,WH007,Meknes Distribution Point,Meknes,17,SUP017,Rabat Tech Procurement,7,1,1,1200.0000,MAD,7,7.0,8400.0,2026-01-21,PO-20260114-00101,2026-01-14,PENDING
6,PROD006,LCD Monitor 24 inch,IT Equipment,5,WH005,Agadir Port Terminal,Agadir,3,SUP003,Casablanca Supply Co,9,1,1,899.0000,MAD,5,9.0,8091.0,2026-01-19,PO-20260114-00102,2026-01-14,PENDING
14,PROD014,Safety Helmet Yellow,Safety Equipment,7,WH007,Meknes Distribution Point,Meknes,5,SUP005,Tangier Port Logistics,320,50,20,22.5000,MAD,3,350.0,7875.0,2026-01-17,PO-20260114-00103,2026-01-14,PENDING
21,PROD021,Stainless Steel Sink,Kitchen Equipment,10,WH010,El Jadida Storage Facility,El Jadida,9,SUP009,Meknes Supply Partners,4,1,1,1850.0000,MAD,8,4.0,7400.0,2026-01-22,PO-20260114-00104,2026-01-14,PENDING
21,PROD021,Stainless Steel Sink,Kitchen Equipment,4,WH004,Marrakech Distribution,Marrakech,9,SUP009,Meknes Supply Partners,4,1,1,1850.0000,MAD,8,4.0,7400.0,2026-01-22,PO-20260114-00105,2026-01-14,PENDING
39,PROD039,PLC Control Module,IT Equipment,2,WH002,Rabat Distribution Center,Rabat,17,SUP017,Rabat Tech Procurement,6,1,1,1200.0000,MAD,7,6.0,7200.0,2026-01-21,PO-20260114-00106,2026-01-14,PENDING
39,PROD039,PLC Control Module,IT Equipment,5,WH005,Agadir Port Terminal,Agadir,17,SUP017,Rabat Tech Procurement,6,1,1,1200.0000,MAD,7,6.0,7200.0,2026-01-21,PO-20260114-00107,2026-01-14,PENDING
6,PROD006,LCD Monitor 24 inch,IT Equipment,4,WH004,Marrakech Distribution,Marrakech,3,SUP003,Casablanca Supply Co,8,1,1,899.0000,MAD,5,8.0,7192.0,2026-01-19,PO-20260114-00108,2026-01-14,PENDING
8,PROD008,Office Chair Ergonomic,Office Furniture,6,WH006,Tangier Free Zone,Tangier,3,SUP003,Casablanca Supply Co,11,1,1,650.0000,MAD,7,11.0,7150.0,2026-01-21,PO-20260114-00109,2026-01-14,PENDING
8,PROD008,Office Chair Ergonomic,Office Furniture,4,WH004,Marrakech Distribution,Marrakech,3,SUP003,Casablanca Supply Co,11,1,1,650.0000,MAD,7,11.0,7150.0,2026-01-21,PO-20260114-00110,2026-01-14,PENDING
8,PROD008,Office Chair Ergonomic,Office Furniture,2,WH002,Rabat Distribution Center,Rabat,3,SUP003,Casablanca Supply Co,11,1,1,650.0000,MAD,7,11.0,7150.0,2026-01-21,PO-20260114-00111,2026-01-14,PENDING
8,PROD008,Office Chair Ergonomic,Office Furniture,10,WH010,El Jadida Storage Facility,El Jadida,3,SUP003,Casablanca Supply Co,11,1,1,650.0000,MAD,7,11.0,7150.0,2026-01-21,PO-20260114-00112,2026-01-14,PENDING
15,PROD015,Safety Gloves (Nitrile),Safety Equipment,4,WH004,Marrakech Distribution,Marrakech,6,SUP006,Marrakech Wholesale Ltd,750,100,50,8.7500,MAD,2,800.0,7000.0,2026-01-16,PO-20260114-00113,2026-01-14,PENDING
15,PROD015,Safety Gloves (Nitrile),Safety Equipment,9,WH009,Safi Industrial Park,Safi,6,SUP006,Marrakech Wholesale Ltd,800,100,50,8.7500,MAD,2,800.0,7000.0,2026-01-16,PO-20260114-00114,2026-01-14,PENDING
14,PROD014,Safety Helmet Yellow,Safety Equipment,2,WH002,Rabat Distribution Center,Rabat,5,SUP005,Tangier Port Logistics,290,50,20,22.5000,MAD,3,300.0,6750.0,2026-01-17,PO-20260114-00115,2026-01-14,PENDING
8,PROD008,Office Chair Ergonomic,Office Furniture,8,WH008,Oujda Border Warehouse,Oujda,3,SUP003,Casablanca Supply Co,10,1,1,650.0000,MAD,7,10.0,6500.0,2026-01-21,PO-20260114-00116,2026-01-14,PENDING
24,PROD024,Industrial Vacuum Cleaner,Cleaning Supplies,10,WH010,El Jadida Storage Facility,El Jadida,10,SUP010,Oujda Import Trading,3,1,1,2150.0000,MAD,5,3.0,6450.0,2026-01-19,PO-20260114-00117,2026-01-14,PENDING
24,PROD024,Industrial Vacuum Cleaner,Cleaning Supplies,7,WH007,Meknes Distribution Point,Meknes,10,SUP010,Oujda Import Trading,3,1,1,2150.0000,MAD,5,3.0,6450.0,2026-01-19,PO-20260114-00118,2026-01-14,PENDING
24,PROD024,Industrial Vacuum Cleaner,Cleaning Supplies,8,WH008,Oujda Border Warehouse,Oujda,10,SUP010,Oujda Import Trading,3,1,1,2150.0000,MAD,5,3.0,6450.0,2026-01-19,PO-20260114-00119,2026-01-14,PENDING
36,PROD036,Electric Motor 3HP,Machinery,10,WH010,El Jadida Storage Facility,El Jadida,16,SUP016,Agadir Maritime Suppliers,2,1,1,3200.0000,MAD,12,2.0,6400.0,2026-01-26,PO-20260114-00120,2026-01-14,PENDING
20,PROD020,Refrigerator 500L,Kitchen Equipment,9,WH009,Safi Industrial Park,Safi,8,SUP008,Rabat Distribution Center,2,1,1,3200.0000,MAD,10,2.0,6400.0,2026-01-24,PO-20260114-00121,2026-01-14,PENDING
36,PROD036,Electric Motor 3HP,Machinery,2,WH002,Rabat Distribution Center,Rabat,16,SUP016,Agadir Maritime Suppliers,2,1,1,3200.0000,MAD,12,2.0,6400.0,2026-01-26,PO-20260114-00122,2026-01-14,PENDING
9,PROD009,Metal Shelving Unit 4-tier,Warehouse Equipment,3,WH003,Fès Logistics Hub,Fès,26,SUP026,Meknes Construction Materials,11,1,1,580.0000,MAD,8,11.0,6380.0,2026-01-22,PO-20260114-00123,2026-01-14,PENDING
27,PROD027,CCTV Camera 1080p,Security,9,WH009,Safi Industrial Park,Safi,12,SUP012,Casablanca Industrial Goods,7,1,1,890.0000,MAD,8,7.0,6230.0,2026-01-22,PO-20260114-00124,2026-01-14,PENDING
15,PROD015,Safety Gloves (Nitrile),Safety Equipment,6,WH006,Tangier Free Zone,Tangier,6,SUP006,Marrakech Wholesale Ltd,700,100,50,8.7500,MAD,2,700.0,6125.0,2026-01-16,PO-20260114-00125,2026-01-14,PENDING
3,PROD003,Printer Ink Cartridge (Black),IT Equipment,6,WH006,Tangier Free Zone,Tangier,2,SUP002,Atlas Trade Distribution,67,1,1,89.9900,MAD,2,67.0,6029.33,2026-01-16,PO-20260114-00126,2026-01-14,PENDING
39,PROD039,PLC Control Module,IT Equipment,1,WH001,Casablanca Main Hub,Casablanca,17,SUP017,Rabat Tech Procurement,5,1,1,1200.0000,MAD,7,5.0,6000.0,2026-01-21,PO-20260114-00127,2026-01-14,PENDING
33,PROD033,Welding Electrode Mild Steel,Maintenance,4,WH004,Marrakech Distribution,Marrakech,15,SUP015,Marrakech Manufacturing Co,370,25,10,15.7500,MAD,5,375.0,5906.25,2026-01-19,PO-20260114-00128,2026-01-14,PENDING
33,PROD033,Welding Electrode Mild Steel,Maintenance,10,WH010,El Jadida Storage Facility,El Jadida,15,SUP015,Marrakech Manufacturing Co,360,25,10,15.7500,MAD,5,375.0,5906.25,2026-01-19,PO-20260114-00129,2026-01-14,PENDING
33,PROD033,Welding Electrode Mild Steel,Maintenance,3,WH003,Fès Logistics Hub,Fès,15,SUP015,Marrakech Manufacturing Co,370,25,10,15.7500,MAD,5,375.0,5906.25,2026-01-19,PO-20260114-00130,2026-01-14,PENDING
33,PROD033,Welding Electrode Mild Steel,Maintenance,9,WH009,Safi Industrial Park,Safi,15,SUP015,Marrakech Manufacturing Co,370,25,10,15.7500,MAD,5,375.0,5906.25,2026-01-19,PO-20260114-00131,2026-01-14,PENDING
21,PROD021,Stainless Steel Sink,Kitchen Equipment,5,WH005,Agadir Port Terminal,Agadir,9,SUP009,Meknes Supply Partners,3,1,1,1850.0000,MAD,8,3.0,5550.0,2026-01-22,PO-20260114-00132,2026-01-14,PENDING
21,PROD021,Stainless Steel Sink,Kitchen Equipment,2,WH002,Rabat Distribution Center,Rabat,9,SUP009,Meknes Supply Partners,3,1,1,1850.0000,MAD,8,3.0,5550.0,2026-01-22,PO-20260114-00133,2026-01-14,PENDING
33,PROD033,Welding Electrode Mild Steel,Maintenance,6,WH006,Tangier Free Zone,Tangier,15,SUP015,Marrakech Manufacturing Co,350,25,10,15.7500,MAD,5,350.0,5512.5,2026-01-19,PO-20260114-00134,2026-01-14,PENDING
33,PROD033,Welding Electrode Mild Steel,Maintenance,1,WH001,Casablanca Main Hub,Casablanca,15,SUP015,Marrakech Manufacturing Co,350,25,10,15.7500,MAD,5,350.0,5512.5,2026-01-19,PO-20260114-00135,2026-01-14,PENDING
2,PROD002,Ballpoint Pens (box of 50),Office Supplies,6,WH006,Tangier Free Zone,Tangier,1,SUP001,Maroc Logistique SA,640,20,10,8.5000,MAD,1,640.0,5440.0,2026-01-15,PO-20260114-00136,2026-01-14,PENDING
6,PROD006,LCD Monitor 24 inch,IT Equipment,7,WH007,Meknes Distribution Point,Meknes,3,SUP003,Casablanca Supply Co,6,1,1,899.0000,MAD,5,6.0,5394.0,2026-01-19,PO-20260114-00137,2026-01-14,PENDING
27,PROD027,CCTV Camera 1080p,Security,2,WH002,Rabat Distribution Center,Rabat,12,SUP012,Casablanca Industrial Goods,6,1,1,890.0000,MAD,8,6.0,5340.0,2026-01-22,PO-20260114-00138,2026-01-14,PENDING
3,PROD003,Printer Ink Cartridge (Black),IT Equipment,1,WH001,Casablanca Main Hub,Casablanca,2,SUP002,Atlas Trade Distribution,59,1,1,89.9900,MAD,2,59.0,5309.41,2026-01-16,PO-20260114-00139,2026-01-14,PENDING
15,PROD015,Safety Gloves (Nitrile),Safety Equipment,7,WH007,Meknes Distribution Point,Meknes,6,SUP006,Marrakech Wholesale Ltd,550,100,50,8.7500,MAD,2,600.0,5250.0,2026-01-16,PO-20260114-00140,2026-01-14,PENDING
15,PROD015,Safety Gloves (Nitrile),Safety Equipment,10,WH010,El Jadida Storage Facility,El Jadida,6,SUP006,Marrakech Wholesale Ltd,600,100,50,8.7500,MAD,2,600.0,5250.0,2026-01-16,PO-20260114-00141,2026-01-14,PENDING
9,PROD009,Metal Shelving Unit 4-tier,Warehouse Equipment,9,WH009,Safi Industrial Park,Safi,26,SUP026,Meknes Construction Materials,9,1,1,580.0000,MAD,8,9.0,5220.0,2026-01-22,PO-20260114-00142,2026-01-14,PENDING
8,PROD008,Office Chair Ergonomic,Office Furniture,9,WH009,Safi Industrial Park,Safi,3,SUP003,Casablanca Supply Co,8,1,1,650.0000,MAD,7,8.0,5200.0,2026-01-21,PO-20260114-00143,2026-01-14,PENDING
8,PROD008,Office Chair Ergonomic,Office Furniture,1,WH001,Casablanca Main Hub,Casablanca,3,SUP003,Casablanca Supply Co,8,1,1,650.0000,MAD,7,8.0,5200.0,2026-01-21,PO-20260114-00144,2026-01-14,PENDING
33,PROD033,Welding Electrode Mild Steel,Maintenance,8,WH008,Oujda Border Warehouse,Oujda,15,SUP015,Marrakech Manufacturing Co,325,25,10,15.7500,MAD,5,325.0,5118.75,2026-01-19,PO-20260114-00145,2026-01-14,PENDING
33,PROD033,Welding Electrode Mild Steel,Maintenance,5,WH005,Agadir Port Terminal,Agadir,15,SUP015,Marrakech Manufacturing Co,320,25,10,15.7500,MAD,5,325.0,5118.75,2026-01-19,PO-20260114-00146,2026-01-14,PENDING
2,PROD002,Ballpoint Pens (box of 50),Office Supplies,1,WH001,Casablanca Main Hub,Casablanca,1,SUP001,Maroc Logistique SA,590,20,10,8.5000,MAD,1,600.0,5100.0,2026-01-15,PO-20260114-00147,2026-01-14,PENDING
19,PROD019,Coffee Machine 10-cup,Kitchen Equipment,3,WH003,Fès Logistics Hub,Fès,8,SUP008,Rabat Distribution Center,4,1,1,1250.0000,MAD,7,4.0,5000.0,2026-01-21,PO-20260114-00148,2026-01-14,PENDING
1,PROD001,Office Paper A4 (500 sheets),Office Supplies,4,WH004,Marrakech Distribution,Marrakech,1,SUP001,Maroc Logistique SA,110,10,5,45.0000,MAD,2,110.0,4950.0,2026-01-16,PO-20260114-00149,2026-01-14,PENDING
1,PROD001,Office Paper A4 (500 sheets),Office Supplies,9,WH009,Safi Industrial Park,Safi,1,SUP001,Maroc Logistique SA,105,10,5,45.0000,MAD,2,110.0,4950.0,2026-01-16,PO-20260114-00150,2026-01-14,PENDING
33,PROD033,Welding Electrode Mild Steel,Maintenance,7,WH007,Meknes Distribution Point,Meknes,15,SUP015,Marrakech Manufacturing Co,300,25,10,15.7500,MAD,5,300.0,4725.0,2026-01-19,PO-20260114-00151,2026-01-14,PENDING
33,PROD033,Welding Electrode Mild Steel,Maintenance,2,WH002,Rabat Distribution Center,Rabat,15,SUP015,Marrakech Manufacturing Co,300,25,10,15.7500,MAD,5,300.0,4725.0,2026-01-19,PO-20260114-00152,2026-01-14,PENDING
29,PROD029,Extension Power Strip 6-outlet,Electrical,2,WH002,Rabat Distribution Center,Rabat,13,SUP013,Tangier Free Zone Traders,90,10,5,52.0000,MAD,2,90.0,4680.0,2026-01-16,PO-20260114-00153,2026-01-14,PENDING
29,PROD029,Extension Power Strip 6-outlet,Electrical,7,WH007,Meknes Distribution Point,Meknes,13,SUP013,Tangier Free Zone Traders,90,10,5,52.0000,MAD,2,90.0,4680.0,2026-01-16,PO-20260114-00154,2026-01-14,PENDING
9,PROD009,Metal Shelving Unit 4-tier,Warehouse Equipment,4,WH004,Marrakech Distribution,Marrakech,26,SUP026,Meknes Construction Materials,8,1,1,580.0000,MAD,8,8.0,4640.0,2026-01-22,PO-20260114-00155,2026-01-14,PENDING
16,PROD016,First Aid Kit Standard,Safety Equipment,3,WH003,Fès Logistics Hub,Fès,6,SUP006,Marrakech Wholesale Ltd,24,1,1,189.9900,MAD,2,24.0,4559.76,2026-01-16,PO-20260114-00156,2026-01-14,PENDING
40,PROD040,Thermal Transfer Label,Packaging,9,WH009,Safi Industrial Park,Safi,22,SUP022,Fès Textile Traders,195,10,5,22.5000,MAD,3,200.0,4500.0,2026-01-17,PO-20260114-00157,2026-01-14,PENDING
1,PROD001,Office Paper A4 (500 sheets),Office Supplies,7,WH007,Meknes Distribution Point,Meknes,1,SUP001,Maroc Logistique SA,100,10,5,45.0000,MAD,2,100.0,4500.0,2026-01-16,PO-20260114-00158,2026-01-14,PENDING
14,PROD014,Safety Helmet Yellow,Safety Equipment,1,WH001,Casablanca Main Hub,Casablanca,5,SUP005,Tangier Port Logistics,200,50,20,22.5000,MAD,3,200.0,4500.0,2026-01-17,PO-20260114-00159,2026-01-14,PENDING
27,PROD027,CCTV Camera 1080p,Security,3,WH003,Fès Logistics Hub,Fès,12,SUP012,Casablanca Industrial Goods,5,1,1,890.0000,MAD,8,5.0,4450.0,2026-01-22,PO-20260114-00160,2026-01-14,PENDING
27,PROD027,CCTV Camera 1080p,Security,1,WH001,Casablanca Main Hub,Casablanca,12,SUP012,Casablanca Industrial Goods,5,1,1,890.0000,MAD,8,5.0,4450.0,2026-01-22,PO-20260114-00161,2026-01-14,PENDING
29,PROD029,Extension Power Strip 6-outlet,Electrical,9,WH009,Safi Industrial Park,Safi,13,SUP013,Tangier Free Zone Traders,80,10,5,52.0000,MAD,2,80.0,4160.0,2026-01-16,PO-20260114-00162,2026-01-14,PENDING
3,PROD003,Printer Ink Cartridge (Black),IT Equipment,4,WH004,Marrakech Distribution,Marrakech,2,SUP002,Atlas Trade Distribution,46,1,1,89.9900,MAD,2,46.0,4139.54,2026-01-16,PO-20260114-00163,2026-01-14,PENDING
2,PROD002,Ballpoint Pens (box of 50),Office Supplies,3,WH003,Fès Logistics Hub,Fès,1,SUP001,Maroc Logistique SA,480,20,10,8.5000,MAD,1,480.0,4080.0,2026-01-15,PO-20260114-00164,2026-01-14,PENDING
9,PROD009,Metal Shelving Unit 4-tier,Warehouse Equipment,8,WH008,Oujda Border Warehouse,Oujda,26,SUP026,Meknes Construction Materials,7,1,1,580.0000,MAD,8,7.0,4060.0,2026-01-22,PO-20260114-00165,2026-01-14,PENDING
9,PROD009,Metal Shelving Unit 4-tier,Warehouse Equipment,5,WH005,Agadir Port Terminal,Agadir,26,SUP026,Meknes Construction Materials,7,1,1,580.0000,MAD,8,7.0,4060.0,2026-01-22,PO-20260114-00166,2026-01-14,PENDING
1,PROD001,Office Paper A4 (500 sheets),Office Supplies,8,WH008,Oujda Border Warehouse,Oujda,1,SUP001,Maroc Logistique SA,90,10,5,45.0000,MAD,2,90.0,4050.0,2026-01-16,PO-20260114-00167,2026-01-14,PENDING
26,PROD026,Door Lock Digital,Security,2,WH002,Rabat Distribution Center,Rabat,11,SUP011,Hassan II Port Suppliers,9,1,1,450.0000,MAD,6,9.0,4050.0,2026-01-20,PO-20260114-00168,2026-01-14,PENDING
1,PROD001,Office Paper A4 (500 sheets),Office Supplies,3,WH003,Fès Logistics Hub,Fès,1,SUP001,Maroc Logistique SA,90,10,5,45.0000,MAD,2,90.0,4050.0,2026-01-16,PO-20260114-00169,2026-01-14,PENDING
8,PROD008,Office Chair Ergonomic,Office Furniture,7,WH007,Meknes Distribution Point,Meknes,3,SUP003,Casablanca Supply Co,6,1,1,650.0000,MAD,7,6.0,3900.0,2026-01-21,PO-20260114-00170,2026-01-14,PENDING
40,PROD040,Thermal Transfer Label,Packaging,8,WH008,Oujda Border Warehouse,Oujda,22,SUP022,Fès Textile Traders,170,10,5,22.5000,MAD,3,170.0,3825.0,2026-01-17,PO-20260114-00171,2026-01-14,PENDING
40,PROD040,Thermal Transfer Label,Packaging,7,WH007,Meknes Distribution Point,Meknes,22,SUP022,Fès Textile Traders,165,10,5,22.5000,MAD,3,170.0,3825.0,2026-01-17,PO-20260114-00172,2026-01-14,PENDING
16,PROD016,First Aid Kit Standard,Safety Equipment,6,WH006,Tangier Free Zone,Tangier,6,SUP006,Marrakech Wholesale Ltd,20,1,1,189.9900,MAD,2,20.0,3799.8,2026-01-16,PO-20260114-00173,2026-01-14,PENDING
22,PROD022,Hand Sanitizer 5L,Cleaning Supplies,2,WH002,Rabat Distribution Center,Rabat,9,SUP009,Meknes Supply Partners,90,5,2,42.0000,MAD,1,90.0,3780.0,2026-01-15,PO-20260114-00174,2026-01-14,PENDING
3,PROD003,Printer Ink Cartridge (Black),IT Equipment,3,WH003,Fès Logistics Hub,Fès,2,SUP002,Atlas Trade Distribution,42,1,1,89.9900,MAD,2,42.0,3779.58,2026-01-16,PO-20260114-00175,2026-01-14,PENDING
21,PROD021,Stainless Steel Sink,Kitchen Equipment,8,WH008,Oujda Border Warehouse,Oujda,9,SUP009,Meknes Supply Partners,2,1,1,1850.0000,MAD,8,2.0,3700.0,2026-01-22,PO-20260114-00176,2026-01-14,PENDING
29,PROD029,Extension Power Strip 6-outlet,Electrical,10,WH010,El Jadida Storage Facility,El Jadida,13,SUP013,Tangier Free Zone Traders,70,10,5,52.0000,MAD,2,70.0,3640.0,2026-01-16,PO-20260114-00177,2026-01-14,PENDING
29,PROD029,Extension Power Strip 6-outlet,Electrical,6,WH006,Tangier Free Zone,Tangier,13,SUP013,Tangier Free Zone Traders,70,10,5,52.0000,MAD,2,70.0,3640.0,2026-01-16,PO-20260114-00178,2026-01-14,PENDING
16,PROD016,First Aid Kit Standard,Safety Equipment,10,WH010,El Jadida Storage Facility,El Jadida,6,SUP006,Marrakech Wholesale Ltd,19,1,1,189.9900,MAD,2,19.0,3609.8100000000004,2026-01-16,PO-20260114-00179,2026-01-14,PENDING
10,PROD010,Cardboard Boxes (Medium),Packaging,8,WH008,Oujda Border Warehouse,Oujda,1,SUP001,Maroc Logistique SA,300,15,5,12.0000,MAD,3,300.0,3600.0,2026-01-17,PO-20260114-00180,2026-01-14,PENDING
40,PROD040,Thermal Transfer Label,Packaging,3,WH003,Fès Logistics Hub,Fès,22,SUP022,Fès Textile Traders,160,10,5,22.5000,MAD,3,160.0,3600.0,2026-01-17,PO-20260114-00181,2026-01-14,PENDING
40,PROD040,Thermal Transfer Label,Packaging,10,WH010,El Jadida Storage Facility,El Jadida,22,SUP022,Fès Textile Traders,155,10,5,22.5000,MAD,3,160.0,3600.0,2026-01-17,PO-20260114-00182,2026-01-14,PENDING
2,PROD002,Ballpoint Pens (box of 50),Office Supplies,7,WH007,Meknes Distribution Point,Meknes,1,SUP001,Maroc Logistique SA,410,20,10,8.5000,MAD,1,420.0,3570.0,2026-01-15,PO-20260114-00183,2026-01-14,PENDING
27,PROD027,CCTV Camera 1080p,Security,6,WH006,Tangier Free Zone,Tangier,12,SUP012,Casablanca Industrial Goods,4,1,1,890.0000,MAD,8,4.0,3560.0,2026-01-22,PO-20260114-00184,2026-01-14,PENDING
3,PROD003,Printer Ink Cartridge (Black),IT Equipment,2,WH002,Rabat Distribution Center,Rabat,2,SUP002,Atlas Trade Distribution,39,1,1,89.9900,MAD,2,39.0,3509.6099999999997,2026-01-16,PO-20260114-00185,2026-01-14,PENDING
9,PROD009,Metal Shelving Unit 4-tier,Warehouse Equipment,7,WH007,Meknes Distribution Point,Meknes,26,SUP026,Meknes Construction Materials,6,1,1,580.0000,MAD,8,6.0,3480.0,2026-01-22,PO-20260114-00186,2026-01-14,PENDING
16,PROD016,First Aid Kit Standard,Safety Equipment,8,WH008,Oujda Border Warehouse,Oujda,6,SUP006,Marrakech Wholesale Ltd,18,1,1,189.9900,MAD,2,18.0,3419.82,2026-01-16,PO-20260114-00187,2026-01-14,PENDING
3,PROD003,Printer Ink Cartridge (Black),IT Equipment,5,WH005,Agadir Port Terminal,Agadir,2,SUP002,Atlas Trade Distribution,37,1,1,89.9900,MAD,2,37.0,3329.6299999999997,2026-01-16,PO-20260114-00188,2026-01-14,PENDING
8,PROD008,Office Chair Ergonomic,Office Furniture,3,WH003,Fès Logistics Hub,Fès,3,SUP003,Casablanca Supply Co,5,1,1,650.0000,MAD,7,5.0,3250.0,2026-01-21,PO-20260114-00189,2026-01-14,PENDING
8,PROD008,Office Chair Ergonomic,Office Furniture,5,WH005,Agadir Port Terminal,Agadir,3,SUP003,Casablanca Supply Co,5,1,1,650.0000,MAD,7,5.0,3250.0,2026-01-21,PO-20260114-00190,2026-01-14,PENDING
26,PROD026,Door Lock Digital,Security,5,WH005,Agadir Port Terminal,Agadir,11,SUP011,Hassan II Port Suppliers,7,1,1,450.0000,MAD,6,7.0,3150.0,2026-01-20,PO-20260114-00191,2026-01-14,PENDING
2,PROD002,Ballpoint Pens (box of 50),Office Supplies,9,WH009,Safi Industrial Park,Safi,1,SUP001,Maroc Logistique SA,350,20,10,8.5000,MAD,1,360.0,3060.0,2026-01-15,PO-20260114-00192,2026-01-14,PENDING
16,PROD016,First Aid Kit Standard,Safety Equipment,9,WH009,Safi Industrial Park,Safi,6,SUP006,Marrakech Wholesale Ltd,16,1,1,189.9900,MAD,2,16.0,3039.84,2026-01-16,PO-20260114-00193,2026-01-14,PENDING
16,PROD016,First Aid Kit Standard,Safety Equipment,1,WH001,Casablanca Main Hub,Casablanca,6,SUP006,Marrakech Wholesale Ltd,16,1,1,189.9900,MAD,2,16.0,3039.84,2026-01-16,PO-20260114-00194,2026-01-14,PENDING
9,PROD009,Metal Shelving Unit 4-tier,Warehouse Equipment,6,WH006,Tangier Free Zone,Tangier,26,SUP026,Meknes Construction Materials,5,1,1,580.0000,MAD,8,5.0,2900.0,2026-01-22,PO-20260114-00195,2026-01-14,PENDING
17,PROD017,Fluorescent Light Bulbs,Lighting,1,WH001,Casablanca Main Hub,Casablanca,7,SUP007,Agadir Commerce Group,155,10,5,18.0000,MAD,3,160.0,2880.0,2026-01-17,PO-20260114-00196,2026-01-14,PENDING
10,PROD010,Cardboard Boxes (Medium),Packaging,5,WH005,Agadir Port Terminal,Agadir,1,SUP001,Maroc Logistique SA,235,15,5,12.0000,MAD,3,240.0,2880.0,2026-01-17,PO-20260114-00197,2026-01-14,PENDING
3,PROD003,Printer Ink Cartridge (Black),IT Equipment,10,WH010,El Jadida Storage Facility,El Jadida,2,SUP002,Atlas Trade Distribution,32,1,1,89.9900,MAD,2,32.0,2879.68,2026-01-16,PO-20260114-00198,2026-01-14,PENDING
3,PROD003,Printer Ink Cartridge (Black),IT Equipment,8,WH008,Oujda Border Warehouse,Oujda,2,SUP002,Atlas Trade Distribution,32,1,1,89.9900,MAD,2,32.0,2879.68,2026-01-16,PO-20260114-00199,2026-01-14,PENDING
28,PROD028,Fire Extinguisher 2kg,Safety Equipment,3,WH003,Fès Logistics Hub,Fès,12,SUP012,Casablanca Industrial Goods,23,1,1,125.0000,MAD,3,23.0,2875.0,2026-01-17,PO-20260114-00200,2026-01-14,PENDING
38,PROD038,Pneumatic Cylinder Actuator,Machinery,7,WH007,Meknes Distribution Point,Meknes,19,SUP019,Oujda Industrial Park Co,10,1,1,285.0000,MAD,8,10.0,2850.0,2026-01-22,PO-20260114-00201,2026-01-14,PENDING
3,PROD003,Printer Ink Cartridge (Black),IT Equipment,7,WH007,Meknes Distribution Point,Meknes,2,SUP002,Atlas Trade Distribution,31,1,1,89.9900,MAD,2,31.0,2789.69,2026-01-16,PO-20260114-00202,2026-01-14,PENDING
30,PROD030,Surge Protector Power Bar,Electrical,10,WH010,El Jadida Storage Facility,El Jadida,13,SUP013,Tangier Free Zone Traders,67,8,4,38.5000,MAD,2,72.0,2772.0,2026-01-16,PO-20260114-00203,2026-01-14,PENDING
7,PROD007,Laptop Stand Aluminum,Office Furniture,6,WH006,Tangier Free Zone,Tangier,3,SUP003,Casablanca Supply Co,23,1,1,120.0000,MAD,4,23.0,2760.0,2026-01-18,PO-20260114-00204,2026-01-14,PENDING
22,PROD022,Hand Sanitizer 5L,Cleaning Supplies,5,WH005,Agadir Port Terminal,Agadir,9,SUP009,Meknes Supply Partners,64,5,2,42.0000,MAD,1,65.0,2730.0,2026-01-15,PO-20260114-00205,2026-01-14,PENDING
22,PROD022,Hand Sanitizer 5L,Cleaning Supplies,6,WH006,Tangier Free Zone,Tangier,9,SUP009,Meknes Supply Partners,65,5,2,42.0000,MAD,1,65.0,2730.0,2026-01-15,PO-20260114-00206,2026-01-14,PENDING
22,PROD022,Hand Sanitizer 5L,Cleaning Supplies,3,WH003,Fès Logistics Hub,Fès,9,SUP009,Meknes Supply Partners,65,5,2,42.0000,MAD,1,65.0,2730.0,2026-01-15,PO-20260114-00207,2026-01-14,PENDING
22,PROD022,Hand Sanitizer 5L,Cleaning Supplies,8,WH008,Oujda Border Warehouse,Oujda,9,SUP009,Meknes Supply Partners,65,5,2,42.0000,MAD,1,65.0,2730.0,2026-01-15,PO-20260114-00208,2026-01-14,PENDING
22,PROD022,Hand Sanitizer 5L,Cleaning Supplies,1,WH001,Casablanca Main Hub,Casablanca,9,SUP009,Meknes Supply Partners,65,5,2,42.0000,MAD,1,65.0,2730.0,2026-01-15,PO-20260114-00209,2026-01-14,PENDING
2,PROD002,Ballpoint Pens (box of 50),Office Supplies,10,WH010,El Jadida Storage Facility,El Jadida,1,SUP001,Maroc Logistique SA,310,20,10,8.5000,MAD,1,320.0,2720.0,2026-01-15,PO-20260114-00210,2026-01-14,PENDING
2,PROD002,Ballpoint Pens (box of 50),Office Supplies,5,WH005,Agadir Port Terminal,Agadir,1,SUP001,Maroc Logistique SA,320,20,10,8.5000,MAD,1,320.0,2720.0,2026-01-15,PO-20260114-00211,2026-01-14,PENDING
40,PROD040,Thermal Transfer Label,Packaging,1,WH001,Casablanca Main Hub,Casablanca,22,SUP022,Fès Textile Traders,120,10,5,22.5000,MAD,3,120.0,2700.0,2026-01-17,PO-20260114-00212,2026-01-14,PENDING
40,PROD040,Thermal Transfer Label,Packaging,2,WH002,Rabat Distribution Center,Rabat,22,SUP022,Fès Textile Traders,120,10,5,22.5000,MAD,3,120.0,2700.0,2026-01-17,PO-20260114-00213,2026-01-14,PENDING
26,PROD026,Door Lock Digital,Security,10,WH010,El Jadida Storage Facility,El Jadida,11,SUP011,Hassan II Port Suppliers,6,1,1,450.0000,MAD,6,6.0,2700.0,2026-01-20,PO-20260114-00214,2026-01-14,PENDING
10,PROD010,Cardboard Boxes (Medium),Packaging,2,WH002,Rabat Distribution Center,Rabat,1,SUP001,Maroc Logistique SA,220,15,5,12.0000,MAD,3,225.0,2700.0,2026-01-17,PO-20260114-00215,2026-01-14,PENDING
3,PROD003,Printer Ink Cartridge (Black),IT Equipment,9,WH009,Safi Industrial Park,Safi,2,SUP002,Atlas Trade Distribution,30,1,1,89.9900,MAD,2,30.0,2699.7,2026-01-16,PO-20260114-00216,2026-01-14,PENDING
27,PROD027,CCTV Camera 1080p,Security,10,WH010,El Jadida Storage Facility,El Jadida,12,SUP012,Casablanca Industrial Goods,3,1,1,890.0000,MAD,8,3.0,2670.0,2026-01-22,PO-20260114-00217,2026-01-14,PENDING
27,PROD027,CCTV Camera 1080p,Security,5,WH005,Agadir Port Terminal,Agadir,12,SUP012,Casablanca Industrial Goods,3,1,1,890.0000,MAD,8,3.0,2670.0,2026-01-22,PO-20260114-00218,2026-01-14,PENDING
27,PROD027,CCTV Camera 1080p,Security,8,WH008,Oujda Border Warehouse,Oujda,12,SUP012,Casablanca Industrial Goods,3,1,1,890.0000,MAD,8,3.0,2670.0,2026-01-22,PO-20260114-00219,2026-01-14,PENDING
16,PROD016,First Aid Kit Standard,Safety Equipment,7,WH007,Meknes Distribution Point,Meknes,6,SUP006,Marrakech Wholesale Ltd,14,1,1,189.9900,MAD,2,14.0,2659.86,2026-01-16,PO-20260114-00220,2026-01-14,PENDING
15,PROD015,Safety Gloves (Nitrile),Safety Equipment,8,WH008,Oujda Border Warehouse,Oujda,6,SUP006,Marrakech Wholesale Ltd,300,100,50,8.7500,MAD,2,300.0,2625.0,2026-01-16,PO-20260114-00221,2026-01-14,PENDING
38,PROD038,Pneumatic Cylinder Actuator,Machinery,10,WH010,El Jadida Storage Facility,El Jadida,19,SUP019,Oujda Industrial Park Co,9,1,1,285.0000,MAD,8,9.0,2565.0,2026-01-22,PO-20260114-00222,2026-01-14,PENDING
38,PROD038,Pneumatic Cylinder Actuator,Machinery,3,WH003,Fès Logistics Hub,Fès,19,SUP019,Oujda Industrial Park Co,9,1,1,285.0000,MAD,8,9.0,2565.0,2026-01-22,PO-20260114-00223,2026-01-14,PENDING
38,PROD038,Pneumatic Cylinder Actuator,Machinery,6,WH006,Tangier Free Zone,Tangier,19,SUP019,Oujda Industrial Park Co,9,1,1,285.0000,MAD,8,9.0,2565.0,2026-01-22,PO-20260114-00224,2026-01-14,PENDING
7,PROD007,Laptop Stand Aluminum,Office Furniture,3,WH003,Fès Logistics Hub,Fès,3,SUP003,Casablanca Supply Co,21,1,1,120.0000,MAD,4,21.0,2520.0,2026-01-18,PO-20260114-00225,2026-01-14,PENDING
7,PROD007,Laptop Stand Aluminum,Office Furniture,1,WH001,Casablanca Main Hub,Casablanca,3,SUP003,Casablanca Supply Co,21,1,1,120.0000,MAD,4,21.0,2520.0,2026-01-18,PO-20260114-00226,2026-01-14,PENDING
7,PROD007,Laptop Stand Aluminum,Office Furniture,4,WH004,Marrakech Distribution,Marrakech,3,SUP003,Casablanca Supply Co,21,1,1,120.0000,MAD,4,21.0,2520.0,2026-01-18,PO-20260114-00227,2026-01-14,PENDING
40,PROD040,Thermal Transfer Label,Packaging,5,WH005,Agadir Port Terminal,Agadir,22,SUP022,Fès Textile Traders,110,10,5,22.5000,MAD,3,110.0,2475.0,2026-01-17,PO-20260114-00228,2026-01-14,PENDING
40,PROD040,Thermal Transfer Label,Packaging,6,WH006,Tangier Free Zone,Tangier,22,SUP022,Fès Textile Traders,110,10,5,22.5000,MAD,3,110.0,2475.0,2026-01-17,PO-20260114-00229,2026-01-14,PENDING
16,PROD016,First Aid Kit Standard,Safety Equipment,2,WH002,Rabat Distribution Center,Rabat,6,SUP006,Marrakech Wholesale Ltd,13,1,1,189.9900,MAD,2,13.0,2469.87,2026-01-16,PO-20260114-00230,2026-01-14,PENDING
16,PROD016,First Aid Kit Standard,Safety Equipment,5,WH005,Agadir Port Terminal,Agadir,6,SUP006,Marrakech Wholesale Ltd,13,1,1,189.9900,MAD,2,13.0,2469.87,2026-01-16,PO-20260114-00231,2026-01-14,PENDING
11,PROD011,Packing Tape (50mm),Packaging,7,WH007,Meknes Distribution Point,Meknes,4,SUP004,Fès Import Export,416,24,6,5.5000,MAD,2,432.0,2376.0,2026-01-16,PO-20260114-00232,2026-01-14,PENDING
10,PROD010,Cardboard Boxes (Medium),Packaging,4,WH004,Marrakech Distribution,Marrakech,1,SUP001,Maroc Logistique SA,190,15,5,12.0000,MAD,3,195.0,2340.0,2026-01-17,PO-20260114-00233,2026-01-14,PENDING
10,PROD010,Cardboard Boxes (Medium),Packaging,10,WH010,El Jadida Storage Facility,El Jadida,1,SUP001,Maroc Logistique SA,185,15,5,12.0000,MAD,3,195.0,2340.0,2026-01-17,PO-20260114-00234,2026-01-14,PENDING
10,PROD010,Cardboard Boxes (Medium),Packaging,3,WH003,Fès Logistics Hub,Fès,1,SUP001,Maroc Logistique SA,190,15,5,12.0000,MAD,3,195.0,2340.0,2026-01-17,PO-20260114-00235,2026-01-14,PENDING
10,PROD010,Cardboard Boxes (Medium),Packaging,7,WH007,Meknes Distribution Point,Meknes,1,SUP001,Maroc Logistique SA,190,15,5,12.0000,MAD,3,195.0,2340.0,2026-01-17,PO-20260114-00236,2026-01-14,PENDING
9,PROD009,Metal Shelving Unit 4-tier,Warehouse Equipment,1,WH001,Casablanca Main Hub,Casablanca,26,SUP026,Meknes Construction Materials,4,1,1,580.0000,MAD,8,4.0,2320.0,2026-01-22,PO-20260114-00237,2026-01-14,PENDING
9,PROD009,Metal Shelving Unit 4-tier,Warehouse Equipment,10,WH010,El Jadida Storage Facility,El Jadida,26,SUP026,Meknes Construction Materials,4,1,1,580.0000,MAD,8,4.0,2320.0,2026-01-22,PO-20260114-00238,2026-01-14,PENDING
9,PROD009,Metal Shelving Unit 4-tier,Warehouse Equipment,2,WH002,Rabat Distribution Center,Rabat,26,SUP026,Meknes Construction Materials,4,1,1,580.0000,MAD,8,4.0,2320.0,2026-01-22,PO-20260114-00239,2026-01-14,PENDING
22,PROD022,Hand Sanitizer 5L,Cleaning Supplies,9,WH009,Safi Industrial Park,Safi,9,SUP009,Meknes Supply Partners,55,5,2,42.0000,MAD,1,55.0,2310.0,2026-01-15,PO-20260114-00240,2026-01-14,PENDING
38,PROD038,Pneumatic Cylinder Actuator,Machinery,2,WH002,Rabat Distribution Center,Rabat,19,SUP019,Oujda Industrial Park Co,8,1,1,285.0000,MAD,8,8.0,2280.0,2026-01-22,PO-20260114-00241,2026-01-14,PENDING
16,PROD016,First Aid Kit Standard,Safety Equipment,4,WH004,Marrakech Distribution,Marrakech,6,SUP006,Marrakech Wholesale Ltd,12,1,1,189.9900,MAD,2,12.0,2279.88,2026-01-16,PO-20260114-00242,2026-01-14,PENDING
18,PROD018,LED Desk Lamp,Lighting,2,WH002,Rabat Distribution Center,Rabat,7,SUP007,Agadir Commerce Group,29,1,1,78.5000,MAD,4,29.0,2276.5,2026-01-18,PO-20260114-00243,2026-01-14,PENDING
28,PROD028,Fire Extinguisher 2kg,Safety Equipment,10,WH010,El Jadida Storage Facility,El Jadida,12,SUP012,Casablanca Industrial Goods,18,1,1,125.0000,MAD,3,18.0,2250.0,2026-01-17,PO-20260114-00244,2026-01-14,PENDING
26,PROD026,Door Lock Digital,Security,3,WH003,Fès Logistics Hub,Fès,11,SUP011,Hassan II Port Suppliers,5,1,1,450.0000,MAD,6,5.0,2250.0,2026-01-20,PO-20260114-00245,2026-01-14,PENDING
11,PROD011,Packing Tape (50mm),Packaging,2,WH002,Rabat Distribution Center,Rabat,4,SUP004,Fès Import Export,396,24,6,5.5000,MAD,2,408.0,2244.0,2026-01-16,PO-20260114-00246,2026-01-14,PENDING
30,PROD030,Surge Protector Power Bar,Electrical,4,WH004,Marrakech Distribution,Marrakech,13,SUP013,Tangier Free Zone Traders,50,8,4,38.5000,MAD,2,56.0,2156.0,2026-01-16,PO-20260114-00247,2026-01-14,PENDING
30,PROD030,Surge Protector Power Bar,Electrical,9,WH009,Safi Industrial Park,Safi,13,SUP013,Tangier Free Zone Traders,54,8,4,38.5000,MAD,2,56.0,2156.0,2026-01-16,PO-20260114-00248,2026-01-14,PENDING
2,PROD002,Ballpoint Pens (box of 50),Office Supplies,2,WH002,Rabat Distribution Center,Rabat,1,SUP001,Maroc Logistique SA,240,20,10,8.5000,MAD,1,240.0,2040.0,2026-01-15,PO-20260114-00249,2026-01-14,PENDING
28,PROD028,Fire Extinguisher 2kg,Safety Equipment,7,WH007,Meknes Distribution Point,Meknes,12,SUP012,Casablanca Industrial Goods,16,1,1,125.0000,MAD,3,16.0,2000.0,2026-01-17,PO-20260114-00250,2026-01-14,PENDING
38,PROD038,Pneumatic Cylinder Actuator,Machinery,4,WH004,Marrakech Distribution,Marrakech,19,SUP019,Oujda Industrial Park Co,7,1,1,285.0000,MAD,8,7.0,1995.0,2026-01-22,PO-20260114-00251,2026-01-14,PENDING
10,PROD010,Cardboard Boxes (Medium),Packaging,6,WH006,Tangier Free Zone,Tangier,1,SUP001,Maroc Logistique SA,160,15,5,12.0000,MAD,3,165.0,1980.0,2026-01-17,PO-20260114-00252,2026-01-14,PENDING
11,PROD011,Packing Tape (50mm),Packaging,6,WH006,Tangier Free Zone,Tangier,4,SUP004,Fès Import Export,346,24,6,5.5000,MAD,2,360.0,1980.0,2026-01-16,PO-20260114-00253,2026-01-14,PENDING
11,PROD011,Packing Tape (50mm),Packaging,8,WH008,Oujda Border Warehouse,Oujda,4,SUP004,Fès Import Export,356,24,6,5.5000,MAD,2,360.0,1980.0,2026-01-16,PO-20260114-00254,2026-01-14,PENDING
18,PROD018,LED Desk Lamp,Lighting,8,WH008,Oujda Border Warehouse,Oujda,7,SUP007,Agadir Commerce Group,25,1,1,78.5000,MAD,4,25.0,1962.5,2026-01-18,PO-20260114-00255,2026-01-14,PENDING
25,PROD025,Toilet Paper (bulk roll),Cleaning Supplies,10,WH010,El Jadida Storage Facility,El Jadida,11,SUP011,Hassan II Port Suppliers,520,40,10,3.7500,MAD,1,520.0,1950.0,2026-01-15,PO-20260114-00256,2026-01-14,PENDING
18,PROD018,LED Desk Lamp,Lighting,6,WH006,Tangier Free Zone,Tangier,7,SUP007,Agadir Commerce Group,24,1,1,78.5000,MAD,4,24.0,1884.0,2026-01-18,PO-20260114-00257,2026-01-14,PENDING
28,PROD028,Fire Extinguisher 2kg,Safety Equipment,9,WH009,Safi Industrial Park,Safi,12,SUP012,Casablanca Industrial Goods,15,1,1,125.0000,MAD,3,15.0,1875.0,2026-01-17,PO-20260114-00258,2026-01-14,PENDING
28,PROD028,Fire Extinguisher 2kg,Safety Equipment,8,WH008,Oujda Border Warehouse,Oujda,12,SUP012,Casablanca Industrial Goods,15,1,1,125.0000,MAD,3,15.0,1875.0,2026-01-17,PO-20260114-00259,2026-01-14,PENDING
11,PROD011,Packing Tape (50mm),Packaging,3,WH003,Fès Logistics Hub,Fès,4,SUP004,Fès Import Export,332,24,6,5.5000,MAD,2,336.0,1848.0,2026-01-16,PO-20260114-00260,2026-01-14,PENDING
30,PROD030,Surge Protector Power Bar,Electrical,5,WH005,Agadir Port Terminal,Agadir,13,SUP013,Tangier Free Zone Traders,46,8,4,38.5000,MAD,2,48.0,1848.0,2026-01-16,PO-20260114-00261,2026-01-14,PENDING
18,PROD018,LED Desk Lamp,Lighting,4,WH004,Marrakech Distribution,Marrakech,7,SUP007,Agadir Commerce Group,23,1,1,78.5000,MAD,4,23.0,1805.5,2026-01-18,PO-20260114-00262,2026-01-14,PENDING
5,PROD005,Wireless Mouse,IT Equipment,4,WH004,Marrakech Distribution,Marrakech,2,SUP002,Atlas Trade Distribution,40,1,1,45.0000,MAD,4,40.0,1800.0,2026-01-18,PO-20260114-00263,2026-01-14,PENDING
17,PROD017,Fluorescent Light Bulbs,Lighting,3,WH003,Fès Logistics Hub,Fès,7,SUP007,Agadir Commerce Group,100,10,5,18.0000,MAD,3,100.0,1800.0,2026-01-17,PO-20260114-00264,2026-01-14,PENDING
7,PROD007,Laptop Stand Aluminum,Office Furniture,5,WH005,Agadir Port Terminal,Agadir,3,SUP003,Casablanca Supply Co,15,1,1,120.0000,MAD,4,15.0,1800.0,2026-01-18,PO-20260114-00265,2026-01-14,PENDING
26,PROD026,Door Lock Digital,Security,6,WH006,Tangier Free Zone,Tangier,11,SUP011,Hassan II Port Suppliers,4,1,1,450.0000,MAD,6,4.0,1800.0,2026-01-20,PO-20260114-00266,2026-01-14,PENDING
7,PROD007,Laptop Stand Aluminum,Office Furniture,8,WH008,Oujda Border Warehouse,Oujda,3,SUP003,Casablanca Supply Co,15,1,1,120.0000,MAD,4,15.0,1800.0,2026-01-18,PO-20260114-00267,2026-01-14,PENDING
17,PROD017,Fluorescent Light Bulbs,Lighting,2,WH002,Rabat Distribution Center,Rabat,7,SUP007,Agadir Commerce Group,100,10,5,18.0000,MAD,3,100.0,1800.0,2026-01-17,PO-20260114-00268,2026-01-14,PENDING
7,PROD007,Laptop Stand Aluminum,Office Furniture,10,WH010,El Jadida Storage Facility,El Jadida,3,SUP003,Casablanca Supply Co,15,1,1,120.0000,MAD,4,15.0,1800.0,2026-01-18,PO-20260114-00269,2026-01-14,PENDING
26,PROD026,Door Lock Digital,Security,7,WH007,Meknes Distribution Point,Meknes,11,SUP011,Hassan II Port Suppliers,4,1,1,450.0000,MAD,6,4.0,1800.0,2026-01-20,PO-20260114-00270,2026-01-14,PENDING
17,PROD017,Fluorescent Light Bulbs,Lighting,5,WH005,Agadir Port Terminal,Agadir,7,SUP007,Agadir Commerce Group,95,10,5,18.0000,MAD,3,100.0,1800.0,2026-01-17,PO-20260114-00271,2026-01-14,PENDING
28,PROD028,Fire Extinguisher 2kg,Safety Equipment,5,WH005,Agadir Port Terminal,Agadir,12,SUP012,Casablanca Industrial Goods,14,1,1,125.0000,MAD,3,14.0,1750.0,2026-01-17,PO-20260114-00272,2026-01-14,PENDING
11,PROD011,Packing Tape (50mm),Packaging,4,WH004,Marrakech Distribution,Marrakech,4,SUP004,Fès Import Export,296,24,6,5.5000,MAD,2,312.0,1716.0,2026-01-16,PO-20260114-00273,2026-01-14,PENDING
11,PROD011,Packing Tape (50mm),Packaging,1,WH001,Casablanca Main Hub,Casablanca,4,SUP004,Fès Import Export,296,24,6,5.5000,MAD,2,312.0,1716.0,2026-01-16,PO-20260114-00274,2026-01-14,PENDING
5,PROD005,Wireless Mouse,IT Equipment,1,WH001,Casablanca Main Hub,Casablanca,2,SUP002,Atlas Trade Distribution,38,1,1,45.0000,MAD,4,38.0,1710.0,2026-01-18,PO-20260114-00275,2026-01-14,PENDING
38,PROD038,Pneumatic Cylinder Actuator,Machinery,1,WH001,Casablanca Main Hub,Casablanca,19,SUP019,Oujda Industrial Park Co,6,1,1,285.0000,MAD,8,6.0,1710.0,2026-01-22,PO-20260114-00276,2026-01-14,PENDING
38,PROD038,Pneumatic Cylinder Actuator,Machinery,9,WH009,Safi Industrial Park,Safi,19,SUP019,Oujda Industrial Park Co,6,1,1,285.0000,MAD,8,6.0,1710.0,2026-01-22,PO-20260114-00277,2026-01-14,PENDING
18,PROD018,LED Desk Lamp,Lighting,10,WH010,El Jadida Storage Facility,El Jadida,7,SUP007,Agadir Commerce Group,21,1,1,78.5000,MAD,4,21.0,1648.5,2026-01-18,PO-20260114-00278,2026-01-14,PENDING
28,PROD028,Fire Extinguisher 2kg,Safety Equipment,4,WH004,Marrakech Distribution,Marrakech,12,SUP012,Casablanca Industrial Goods,13,1,1,125.0000,MAD,3,13.0,1625.0,2026-01-17,PO-20260114-00279,2026-01-14,PENDING
28,PROD028,Fire Extinguisher 2kg,Safety Equipment,2,WH002,Rabat Distribution Center,Rabat,12,SUP012,Casablanca Industrial Goods,13,1,1,125.0000,MAD,3,13.0,1625.0,2026-01-17,PO-20260114-00280,2026-01-14,PENDING
10,PROD010,Cardboard Boxes (Medium),Packaging,9,WH009,Safi Industrial Park,Safi,1,SUP001,Maroc Logistique SA,130,15,5,12.0000,MAD,3,135.0,1620.0,2026-01-17,PO-20260114-00281,2026-01-14,PENDING
17,PROD017,Fluorescent Light Bulbs,Lighting,7,WH007,Meknes Distribution Point,Meknes,7,SUP007,Agadir Commerce Group,90,10,5,18.0000,MAD,3,90.0,1620.0,2026-01-17,PO-20260114-00282,2026-01-14,PENDING
34,PROD034,Bearing Roller Stainless Steel,Maintenance,7,WH007,Meknes Distribution Point,Meknes,15,SUP015,Marrakech Manufacturing Co,19,1,1,85.0000,MAD,6,19.0,1615.0,2026-01-20,PO-20260114-00283,2026-01-14,PENDING
34,PROD034,Bearing Roller Stainless Steel,Maintenance,8,WH008,Oujda Border Warehouse,Oujda,15,SUP015,Marrakech Manufacturing Co,19,1,1,85.0000,MAD,6,19.0,1615.0,2026-01-20,PO-20260114-00284,2026-01-14,PENDING
11,PROD011,Packing Tape (50mm),Packaging,10,WH010,El Jadida Storage Facility,El Jadida,4,SUP004,Fès Import Export,284,24,6,5.5000,MAD,2,288.0,1584.0,2026-01-16,PO-20260114-00285,2026-01-14,PENDING
7,PROD007,Laptop Stand Aluminum,Office Furniture,9,WH009,Safi Industrial Park,Safi,3,SUP003,Casablanca Supply Co,13,1,1,120.0000,MAD,4,13.0,1560.0,2026-01-18,PO-20260114-00286,2026-01-14,PENDING
30,PROD030,Surge Protector Power Bar,Electrical,7,WH007,Meknes Distribution Point,Meknes,13,SUP013,Tangier Free Zone Traders,38,8,4,38.5000,MAD,2,40.0,1540.0,2026-01-16,PO-20260114-00287,2026-01-14,PENDING
34,PROD034,Bearing Roller Stainless Steel,Maintenance,5,WH005,Agadir Port Terminal,Agadir,15,SUP015,Marrakech Manufacturing Co,18,1,1,85.0000,MAD,6,18.0,1530.0,2026-01-20,PO-20260114-00288,2026-01-14,PENDING
34,PROD034,Bearing Roller Stainless Steel,Maintenance,1,WH001,Casablanca Main Hub,Casablanca,15,SUP015,Marrakech Manufacturing Co,18,1,1,85.0000,MAD,6,18.0,1530.0,2026-01-20,PO-20260114-00289,2026-01-14,PENDING
28,PROD028,Fire Extinguisher 2kg,Safety Equipment,1,WH001,Casablanca Main Hub,Casablanca,12,SUP012,Casablanca Industrial Goods,12,1,1,125.0000,MAD,3,12.0,1500.0,2026-01-17,PO-20260114-00290,2026-01-14,PENDING
18,PROD018,LED Desk Lamp,Lighting,7,WH007,Meknes Distribution Point,Meknes,7,SUP007,Agadir Commerce Group,19,1,1,78.5000,MAD,4,19.0,1491.5,2026-01-18,PO-20260114-00291,2026-01-14,PENDING
18,PROD018,LED Desk Lamp,Lighting,3,WH003,Fès Logistics Hub,Fès,7,SUP007,Agadir Commerce Group,19,1,1,78.5000,MAD,4,19.0,1491.5,2026-01-18,PO-20260114-00292,2026-01-14,PENDING
11,PROD011,Packing Tape (50mm),Packaging,5,WH005,Agadir Port Terminal,Agadir,4,SUP004,Fès Import Export,248,24,6,5.5000,MAD,2,264.0,1452.0,2026-01-16,PO-20260114-00293,2026-01-14,PENDING
17,PROD017,Fluorescent Light Bulbs,Lighting,8,WH008,Oujda Border Warehouse,Oujda,7,SUP007,Agadir Commerce Group,80,10,5,18.0000,MAD,3,80.0,1440.0,2026-01-17,PO-20260114-00294,2026-01-14,PENDING
12,PROD012,Bubble Wrap 500mm,Packaging,3,WH003,Fès Logistics Hub,Fès,4,SUP004,Fès Import Export,410,50,10,3.2000,MAD,2,450.0,1440.0,2026-01-16,PO-20260114-00295,2026-01-14,PENDING
17,PROD017,Fluorescent Light Bulbs,Lighting,10,WH010,El Jadida Storage Facility,El Jadida,7,SUP007,Agadir Commerce Group,80,10,5,18.0000,MAD,3,80.0,1440.0,2026-01-17,PO-20260114-00296,2026-01-14,PENDING
17,PROD017,Fluorescent Light Bulbs,Lighting,9,WH009,Safi Industrial Park,Safi,7,SUP007,Agadir Commerce Group,80,10,5,18.0000,MAD,3,80.0,1440.0,2026-01-17,PO-20260114-00297,2026-01-14,PENDING
18,PROD018,LED Desk Lamp,Lighting,5,WH005,Agadir Port Terminal,Agadir,7,SUP007,Agadir Commerce Group,18,1,1,78.5000,MAD,4,18.0,1413.0,2026-01-18,PO-20260114-00298,2026-01-14,PENDING
4,PROD004,USB Cable 2m,IT Equipment,6,WH006,Tangier Free Zone,Tangier,2,SUP002,Atlas Trade Distribution,90,5,2,15.5000,MAD,3,90.0,1395.0,2026-01-17,PO-20260114-00299,2026-01-14,PENDING
5,PROD005,Wireless Mouse,IT Equipment,10,WH010,El Jadida Storage Facility,El Jadida,2,SUP002,Atlas Trade Distribution,30,1,1,45.0000,MAD,4,30.0,1350.0,2026-01-18,PO-20260114-00300,2026-01-14,PENDING
25,PROD025,Toilet Paper (bulk roll),Cleaning Supplies,1,WH001,Casablanca Main Hub,Casablanca,11,SUP011,Hassan II Port Suppliers,340,40,10,3.7500,MAD,1,360.0,1350.0,2026-01-15,PO-20260114-00301,2026-01-14,PENDING
5,PROD005,Wireless Mouse,IT Equipment,6,WH006,Tangier Free Zone,Tangier,2,SUP002,Atlas Trade Distribution,30,1,1,45.0000,MAD,4,30.0,1350.0,2026-01-18,PO-20260114-00302,2026-01-14,PENDING
25,PROD025,Toilet Paper (bulk roll),Cleaning Supplies,2,WH002,Rabat Distribution Center,Rabat,11,SUP011,Hassan II Port Suppliers,340,40,10,3.7500,MAD,1,360.0,1350.0,2026-01-15,PO-20260114-00303,2026-01-14,PENDING
7,PROD007,Laptop Stand Aluminum,Office Furniture,2,WH002,Rabat Distribution Center,Rabat,3,SUP003,Casablanca Supply Co,11,1,1,120.0000,MAD,4,11.0,1320.0,2026-01-18,PO-20260114-00304,2026-01-14,PENDING
11,PROD011,Packing Tape (50mm),Packaging,9,WH009,Safi Industrial Park,Safi,4,SUP004,Fès Import Export,224,24,6,5.5000,MAD,2,240.0,1320.0,2026-01-16,PO-20260114-00305,2026-01-14,PENDING
12,PROD012,Bubble Wrap 500mm,Packaging,9,WH009,Safi Industrial Park,Safi,4,SUP004,Fès Import Export,370,50,10,3.2000,MAD,2,400.0,1280.0,2026-01-16,PO-20260114-00306,2026-01-14,PENDING
34,PROD034,Bearing Roller Stainless Steel,Maintenance,4,WH004,Marrakech Distribution,Marrakech,15,SUP015,Marrakech Manufacturing Co,15,1,1,85.0000,MAD,6,15.0,1275.0,2026-01-20,PO-20260114-00307,2026-01-14,PENDING
34,PROD034,Bearing Roller Stainless Steel,Maintenance,9,WH009,Safi Industrial Park,Safi,15,SUP015,Marrakech Manufacturing Co,15,1,1,85.0000,MAD,6,15.0,1275.0,2026-01-20,PO-20260114-00308,2026-01-14,PENDING
5,PROD005,Wireless Mouse,IT Equipment,2,WH002,Rabat Distribution Center,Rabat,2,SUP002,Atlas Trade Distribution,28,1,1,45.0000,MAD,4,28.0,1260.0,2026-01-18,PO-20260114-00309,2026-01-14,PENDING
17,PROD017,Fluorescent Light Bulbs,Lighting,6,WH006,Tangier Free Zone,Tangier,7,SUP007,Agadir Commerce Group,70,10,5,18.0000,MAD,3,70.0,1260.0,2026-01-17,PO-20260114-00310,2026-01-14,PENDING
18,PROD018,LED Desk Lamp,Lighting,9,WH009,Safi Industrial Park,Safi,7,SUP007,Agadir Commerce Group,16,1,1,78.5000,MAD,4,16.0,1256.0,2026-01-18,PO-20260114-00311,2026-01-14,PENDING
18,PROD018,LED Desk Lamp,Lighting,1,WH001,Casablanca Main Hub,Casablanca,7,SUP007,Agadir Commerce Group,16,1,1,78.5000,MAD,4,16.0,1256.0,2026-01-18,PO-20260114-00312,2026-01-14,PENDING
4,PROD004,USB Cable 2m,IT Equipment,8,WH008,Oujda Border Warehouse,Oujda,2,SUP002,Atlas Trade Distribution,79,5,2,15.5000,MAD,3,80.0,1240.0,2026-01-17,PO-20260114-00313,2026-01-14,PENDING
25,PROD025,Toilet Paper (bulk roll),Cleaning Supplies,7,WH007,Meknes Distribution Point,Meknes,11,SUP011,Hassan II Port Suppliers,290,40,10,3.7500,MAD,1,320.0,1200.0,2026-01-15,PO-20260114-00314,2026-01-14,PENDING
25,PROD025,Toilet Paper (bulk roll),Cleaning Supplies,9,WH009,Safi Industrial Park,Safi,11,SUP011,Hassan II Port Suppliers,320,40,10,3.7500,MAD,1,320.0,1200.0,2026-01-15,PO-20260114-00315,2026-01-14,PENDING
2,PROD002,Ballpoint Pens (box of 50),Office Supplies,4,WH004,Marrakech Distribution,Marrakech,1,SUP001,Maroc Logistique SA,140,20,10,8.5000,MAD,1,140.0,1190.0,2026-01-15,PO-20260114-00316,2026-01-14,PENDING
2,PROD002,Ballpoint Pens (box of 50),Office Supplies,8,WH008,Oujda Border Warehouse,Oujda,1,SUP001,Maroc Logistique SA,140,20,10,8.5000,MAD,1,140.0,1190.0,2026-01-15,PO-20260114-00317,2026-01-14,PENDING
5,PROD005,Wireless Mouse,IT Equipment,3,WH003,Fès Logistics Hub,Fès,2,SUP002,Atlas Trade Distribution,26,1,1,45.0000,MAD,4,26.0,1170.0,2026-01-18,PO-20260114-00318,2026-01-14,PENDING
5,PROD005,Wireless Mouse,IT Equipment,9,WH009,Safi Industrial Park,Safi,2,SUP002,Atlas Trade Distribution,26,1,1,45.0000,MAD,4,26.0,1170.0,2026-01-18,PO-20260114-00319,2026-01-14,PENDING
23,PROD023,Floor Cleaning Mop,Cleaning Supplies,7,WH007,Meknes Distribution Point,Meknes,10,SUP010,Oujda Import Trading,13,1,1,89.5000,MAD,3,13.0,1163.5,2026-01-17,PO-20260114-00320,2026-01-14,PENDING
4,PROD004,USB Cable 2m,IT Equipment,5,WH005,Agadir Port Terminal,Agadir,2,SUP002,Atlas Trade Distribution,75,5,2,15.5000,MAD,3,75.0,1162.5,2026-01-17,PO-20260114-00321,2026-01-14,PENDING
4,PROD004,USB Cable 2m,IT Equipment,3,WH003,Fès Logistics Hub,Fès,2,SUP002,Atlas Trade Distribution,73,5,2,15.5000,MAD,3,75.0,1162.5,2026-01-17,PO-20260114-00322,2026-01-14,PENDING
5,PROD005,Wireless Mouse,IT Equipment,8,WH008,Oujda Border Warehouse,Oujda,2,SUP002,Atlas Trade Distribution,25,1,1,45.0000,MAD,4,25.0,1125.0,2026-01-18,PO-20260114-00323,2026-01-14,PENDING
5,PROD005,Wireless Mouse,IT Equipment,7,WH007,Meknes Distribution Point,Meknes,2,SUP002,Atlas Trade Distribution,25,1,1,45.0000,MAD,4,25.0,1125.0,2026-01-18,PO-20260114-00324,2026-01-14,PENDING
12,PROD012,Bubble Wrap 500mm,Packaging,2,WH002,Rabat Distribution Center,Rabat,4,SUP004,Fès Import Export,350,50,10,3.2000,MAD,2,350.0,1120.0,2026-01-16,PO-20260114-00325,2026-01-14,PENDING
12,PROD012,Bubble Wrap 500mm,Packaging,7,WH007,Meknes Distribution Point,Meknes,4,SUP004,Fès Import Export,310,50,10,3.2000,MAD,2,350.0,1120.0,2026-01-16,PO-20260114-00326,2026-01-14,PENDING
34,PROD034,Bearing Roller Stainless Steel,Maintenance,2,WH002,Rabat Distribution Center,Rabat,15,SUP015,Marrakech Manufacturing Co,13,1,1,85.0000,MAD,6,13.0,1105.0,2026-01-20,PO-20260114-00327,2026-01-14,PENDING
4,PROD004,USB Cable 2m,IT Equipment,2,WH002,Rabat Distribution Center,Rabat,2,SUP002,Atlas Trade Distribution,70,5,2,15.5000,MAD,3,70.0,1085.0,2026-01-17,PO-20260114-00328,2026-01-14,PENDING
4,PROD004,USB Cable 2m,IT Equipment,7,WH007,Meknes Distribution Point,Meknes,2,SUP002,Atlas Trade Distribution,70,5,2,15.5000,MAD,3,70.0,1085.0,2026-01-17,PO-20260114-00329,2026-01-14,PENDING
4,PROD004,USB Cable 2m,IT Equipment,4,WH004,Marrakech Distribution,Marrakech,2,SUP002,Atlas Trade Distribution,70,5,2,15.5000,MAD,3,70.0,1085.0,2026-01-17,PO-20260114-00330,2026-01-14,PENDING
34,PROD034,Bearing Roller Stainless Steel,Maintenance,10,WH010,El Jadida Storage Facility,El Jadida,15,SUP015,Marrakech Manufacturing Co,12,1,1,85.0000,MAD,6,12.0,1020.0,2026-01-20,PO-20260114-00331,2026-01-14,PENDING
34,PROD034,Bearing Roller Stainless Steel,Maintenance,3,WH003,Fès Logistics Hub,Fès,15,SUP015,Marrakech Manufacturing Co,12,1,1,85.0000,MAD,6,12.0,1020.0,2026-01-20,PO-20260114-00332,2026-01-14,PENDING
23,PROD023,Floor Cleaning Mop,Cleaning Supplies,6,WH006,Tangier Free Zone,Tangier,10,SUP010,Oujda Import Trading,11,1,1,89.5000,MAD,3,11.0,984.5,2026-01-17,PO-20260114-00333,2026-01-14,PENDING
5,PROD005,Wireless Mouse,IT Equipment,5,WH005,Agadir Port Terminal,Agadir,2,SUP002,Atlas Trade Distribution,21,1,1,45.0000,MAD,4,21.0,945.0,2026-01-18,PO-20260114-00334,2026-01-14,PENDING
4,PROD004,USB Cable 2m,IT Equipment,1,WH001,Casablanca Main Hub,Casablanca,2,SUP002,Atlas Trade Distribution,56,5,2,15.5000,MAD,3,60.0,930.0,2026-01-17,PO-20260114-00335,2026-01-14,PENDING
4,PROD004,USB Cable 2m,IT Equipment,10,WH010,El Jadida Storage Facility,El Jadida,2,SUP002,Atlas Trade Distribution,60,5,2,15.5000,MAD,3,60.0,930.0,2026-01-17,PO-20260114-00336,2026-01-14,PENDING
25,PROD025,Toilet Paper (bulk roll),Cleaning Supplies,8,WH008,Oujda Border Warehouse,Oujda,11,SUP011,Hassan II Port Suppliers,240,40,10,3.7500,MAD,1,240.0,900.0,2026-01-15,PO-20260114-00337,2026-01-14,PENDING
25,PROD025,Toilet Paper (bulk roll),Cleaning Supplies,4,WH004,Marrakech Distribution,Marrakech,11,SUP011,Hassan II Port Suppliers,240,40,10,3.7500,MAD,1,240.0,900.0,2026-01-15,PO-20260114-00338,2026-01-14,PENDING
4,PROD004,USB Cable 2m,IT Equipment,9,WH009,Safi Industrial Park,Safi,2,SUP002,Atlas Trade Distribution,55,5,2,15.5000,MAD,3,55.0,852.5,2026-01-17,PO-20260114-00339,2026-01-14,PENDING
23,PROD023,Floor Cleaning Mop,Cleaning Supplies,5,WH005,Agadir Port Terminal,Agadir,10,SUP010,Oujda Import Trading,9,1,1,89.5000,MAD,3,9.0,805.5,2026-01-17,PO-20260114-00340,2026-01-14,PENDING
23,PROD023,Floor Cleaning Mop,Cleaning Supplies,9,WH009,Safi Industrial Park,Safi,10,SUP010,Oujda Import Trading,9,1,1,89.5000,MAD,3,9.0,805.5,2026-01-17,PO-20260114-00341,2026-01-14,PENDING
12,PROD012,Bubble Wrap 500mm,Packaging,8,WH008,Oujda Border Warehouse,Oujda,4,SUP004,Fès Import Export,220,50,10,3.2000,MAD,2,250.0,800.0,2026-01-16,PO-20260114-00342,2026-01-14,PENDING
12,PROD012,Bubble Wrap 500mm,Packaging,1,WH001,Casablanca Main Hub,Casablanca,4,SUP004,Fès Import Export,250,50,10,3.2000,MAD,2,250.0,800.0,2026-01-16,PO-20260114-00343,2026-01-14,PENDING
12,PROD012,Bubble Wrap 500mm,Packaging,4,WH004,Marrakech Distribution,Marrakech,4,SUP004,Fès Import Export,250,50,10,3.2000,MAD,2,250.0,800.0,2026-01-16,PO-20260114-00344,2026-01-14,PENDING
12,PROD012,Bubble Wrap 500mm,Packaging,6,WH006,Tangier Free Zone,Tangier,4,SUP004,Fès Import Export,200,50,10,3.2000,MAD,2,200.0,640.0,2026-01-16,PO-20260114-00345,2026-01-14,PENDING
12,PROD012,Bubble Wrap 500mm,Packaging,5,WH005,Agadir Port Terminal,Agadir,4,SUP004,Fès Import Export,160,50,10,3.2000,MAD,2,200.0,640.0,2026-01-16,PO-20260114-00346,2026-01-14,PENDING
23,PROD023,Floor Cleaning Mop,Cleaning Supplies,2,WH002,Rabat Distribution Center,Rabat,10,SUP010,Oujda Import Trading,7,1,1,89.5000,MAD,3,7.0,626.5,2026-01-17,PO-20260114-00347,2026-01-14,PENDING
23,PROD023,Floor Cleaning Mop,Cleaning Supplies,4,WH004,Marrakech Distribution,Marrakech,10,SUP010,Oujda Import Trading,6,1,1,89.5000,MAD,3,6.0,537.0,2026-01-17,PO-20260114-00348,2026-01-14,PENDING
